date,day_of_week,hour,day_type,kWh,temperature_c,humidity_pct,is_night,is_post_event
2025-12-01,1,0,"Regular Weekday",7,11.4,57,1,0
2025-12-01,1,1,"Regular Weekday",7,11.8,58,1,0
2025-12-01,1,2,"Regular Weekday",6,12,49,1,0
2025-12-01,1,3,"Regular Weekday",6,12.8,57,1,0
2025-12-01,1,4,"Regular Weekday",6,10.7,49,1,0
2025-12-01,1,5,"Regular Weekday",7,14.9,57,1,0
2025-12-01,1,6,"Regular Weekday",12,9.2,58,0,0
2025-12-01,1,7,"Regular Weekday",15,11.1,65,0,0
2025-12-01,1,8,"Regular Weekday",21,10.5,64,0,0
2025-12-01,1,9,"Regular Weekday",27,6.4,59,0,0
2025-12-01,1,10,"Regular Weekday",28,4.9,71,0,0
2025-12-01,1,11,"Regular Weekday",31,6,82,0,0
2025-12-01,1,12,"Regular Weekday",31,2,80,0,0
2025-12-01,1,13,"Regular Weekday",34,4,80,0,0
2025-12-01,1,14,"Regular Weekday",34,3.4,77,0,0
2025-12-01,1,15,"Regular Weekday",35,3.1,74,0,0
2025-12-01,1,16,"Regular Weekday",29,2.4,72,0,0
2025-12-01,1,17,"Regular Weekday",24,7,70,0,0
2025-12-01,1,18,"Regular Weekday",40,3.2,64,1,0
2025-12-01,1,19,"Regular Weekday",43,8.1,54,1,0
2025-12-01,1,20,"Regular Weekday",39,5.5,69,1,0
2025-12-01,1,21,"Regular Weekday",34,8.2,56,1,0
2025-12-01,1,22,"Regular Weekday",19,9.4,59,1,0
2025-12-01,1,23,"Regular Weekday",12,11.6,58,1,0
2025-12-02,2,0,"Regular Weekday",8,11.5,49,1,0
2025-12-02,2,1,"Regular Weekday",7,10.2,47,1,0
2025-12-02,2,2,"Regular Weekday",6,11.7,60,1,0
2025-12-02,2,3,"Regular Weekday",6,13.9,55,1,0
2025-12-02,2,4,"Regular Weekday",6,12.2,56,1,0
2025-12-02,2,5,"Regular Weekday",7,10.3,58,1,0
2025-12-02,2,6,"Regular Weekday",12,10.4,66,0,0
2025-12-02,2,7,"Regular Weekday",16,10.1,62,0,0
2025-12-02,2,8,"Regular Weekday",21,7.1,64,0,0
2025-12-02,2,9,"Regular Weekday",24,6.6,73,0,0
2025-12-02,2,10,"Regular Weekday",28,4.9,65,0,0
2025-12-02,2,11,"Regular Weekday",31,4.2,79,0,0
2025-12-02,2,12,"Regular Weekday",31,5.6,84,0,0
2025-12-02,2,13,"Regular Weekday",34,3.9,69,0,0
2025-12-02,2,14,"Regular Weekday",34,2.6,79,0,0
2025-12-02,2,15,"Regular Weekday",33,3.9,70,0,0
2025-12-02,2,16,"Regular Weekday",27,5.7,81,0,0
2025-12-02,2,17,"Regular Weekday",26,6.7,87,0,0
2025-12-02,2,18,"Regular Weekday",36,4.2,67,1,0
2025-12-02,2,19,"Regular Weekday",46,7.5,67,1,0
2025-12-02,2,20,"Regular Weekday",37,8.4,62,1,0
2025-12-02,2,21,"Regular Weekday",32,8.4,72,1,0
2025-12-02,2,22,"Regular Weekday",21,10.8,49,1,0
2025-12-02,2,23,"Regular Weekday",12,8.7,56,1,0
2025-12-03,3,0,"Event Day",13,11,56,1,1
2025-12-03,3,1,"Event Day",12,10.7,47,1,1
2025-12-03,3,2,"Event Day",9,9.8,58,1,1
2025-12-03,3,3,"Event Day",9,14,64,1,1
2025-12-03,3,4,"Event Day",9,10.9,59,1,0
2025-12-03,3,5,"Event Day",11,8.9,55,1,0
2025-12-03,3,6,"Event Day",16,9.2,62,0,0
2025-12-03,3,7,"Event Day",19,9.5,62,0,0
2025-12-03,3,8,"Event Day",25,7.4,58,0,0
2025-12-03,3,9,"Event Day",29,6.2,61,0,0
2025-12-03,3,10,"Event Day",34,6.5,69,0,0
2025-12-03,3,11,"Event Day",37,2.7,77,0,0
2025-12-03,3,12,"Event Day",41,6.5,74,0,0
2025-12-03,3,13,"Event Day",48,2.4,83,0,0
2025-12-03,3,14,"Event Day",56,3.9,75,0,0
2025-12-03,3,15,"Event Day",54,4.7,75,0,0
2025-12-03,3,16,"Event Day",71,4.2,78,0,0
2025-12-03,3,17,"Event Day",80,5.2,74,0,0
2025-12-03,3,18,"Event Day",107,8.2,67,1,0
2025-12-03,3,19,"Event Day",130,7.4,62,1,0
2025-12-03,3,20,"Event Day",147,7,63,1,0
2025-12-03,3,21,"Event Day",142,9.3,55,1,0
2025-12-03,3,22,"Event Day",144,11.7,58,1,1
2025-12-03,3,23,"Event Day",106,10.8,61,1,1
2025-12-04,4,0,"Regular Weekday",8,12.8,55,1,0
2025-12-04,4,1,"Regular Weekday",7,14.9,48,1,0
2025-12-04,4,2,"Regular Weekday",6,13,54,1,0
2025-12-04,4,3,"Regular Weekday",6,14.6,54,1,0
2025-12-04,4,4,"Regular Weekday",6,12.6,52,1,0
2025-12-04,4,5,"Regular Weekday",7,14,67,1,0
2025-12-04,4,6,"Regular Weekday",12,11.5,53,0,0
2025-12-04,4,7,"Regular Weekday",17,10.7,65,0,0
2025-12-04,4,8,"Regular Weekday",23,6.6,63,0,0
2025-12-04,4,9,"Regular Weekday",23,6.3,68,0,0
2025-12-04,4,10,"Regular Weekday",27,5.4,69,0,0
2025-12-04,4,11,"Regular Weekday",29,5,76,0,0
2025-12-04,4,12,"Regular Weekday",34,4.3,82,0,0
2025-12-04,4,13,"Regular Weekday",35,6.5,77,0,0
2025-12-04,4,14,"Regular Weekday",36,4.4,79,0,0
2025-12-04,4,15,"Regular Weekday",34,6,79,0,0
2025-12-04,4,16,"Regular Weekday",30,5.4,71,0,0
2025-12-04,4,17,"Regular Weekday",26,5.7,72,0,0
2025-12-04,4,18,"Regular Weekday",37,4.2,71,1,0
2025-12-04,4,19,"Regular Weekday",45,8.2,60,1,0
2025-12-04,4,20,"Regular Weekday",40,8.9,68,1,0
2025-12-04,4,21,"Regular Weekday",33,8.9,63,1,0
2025-12-04,4,22,"Regular Weekday",21,11.2,57,1,0
2025-12-04,4,23,"Regular Weekday",13,14.2,54,1,0
2025-12-05,5,0,"Event Day",14,12.9,63,1,1
2025-12-05,5,1,"Event Day",12,11.1,53,1,1
2025-12-05,5,2,"Event Day",9,11.4,46,1,1
2025-12-05,5,3,"Event Day",9,13.3,49,1,1
2025-12-05,5,4,"Event Day",9,12.4,57,1,0
2025-12-05,5,5,"Event Day",10,11.2,53,1,0
2025-12-05,5,6,"Event Day",17,11.1,60,0,0
2025-12-05,5,7,"Event Day",20,12.3,58,0,0
2025-12-05,5,8,"Event Day",25,9.4,68,0,0
2025-12-05,5,9,"Event Day",29,10.7,63,0,0
2025-12-05,5,10,"Event Day",33,6.9,72,0,0
2025-12-05,5,11,"Event Day",39,5.8,77,0,0
2025-12-05,5,12,"Event Day",41,3.3,72,0,0
2025-12-05,5,13,"Event Day",51,5.6,82,0,0
2025-12-05,5,14,"Event Day",51,4.3,78,0,0
2025-12-05,5,15,"Event Day",52,5.6,75,0,0
2025-12-05,5,16,"Event Day",67,8.2,89,0,0
2025-12-05,5,17,"Event Day",82,6.4,84,0,0
2025-12-05,5,18,"Event Day",114,6.4,74,1,0
2025-12-05,5,19,"Event Day",129,7.6,66,1,0
2025-12-05,5,20,"Event Day",154,11.7,69,1,0
2025-12-05,5,21,"Event Day",154,8.4,68,1,0
2025-12-05,5,22,"Event Day",127,13.1,53,1,1
2025-12-05,5,23,"Event Day",82,12.8,51,1,1
2025-12-06,6,0,"Event Day",13,10.6,53,1,1
2025-12-06,6,1,"Event Day",11,14.1,49,1,1
2025-12-06,6,2,"Event Day",10,12.3,58,1,1
2025-12-06,6,3,"Event Day",10,12.1,49,1,1
2025-12-06,6,4,"Event Day",9,12.9,51,1,0
2025-12-06,6,5,"Event Day",10,13,61,1,0
2025-12-06,6,6,"Event Day",17,8.9,52,0,0
2025-12-06,6,7,"Event Day",21,8,64,0,0
2025-12-06,6,8,"Event Day",27,10.7,58,0,0
2025-12-06,6,9,"Event Day",31,6.4,70,0,0
2025-12-06,6,10,"Event Day",35,6.4,76,0,0
2025-12-06,6,11,"Event Day",40,4.4,72,0,0
2025-12-06,6,12,"Event Day",41,6.1,79,0,0
2025-12-06,6,13,"Event Day",45,5.9,71,0,0
2025-12-06,6,14,"Event Day",50,6.4,66,0,0
2025-12-06,6,15,"Event Day",56,6.7,85,0,0
2025-12-06,6,16,"Event Day",70,5.8,78,0,0
2025-12-06,6,17,"Event Day",84,4.7,67,0,0
2025-12-06,6,18,"Event Day",109,6.4,69,1,0
2025-12-06,6,19,"Event Day",125,8.3,76,1,0
2025-12-06,6,20,"Event Day",145,12.6,69,1,0
2025-12-06,6,21,"Event Day",160,8.2,64,1,0
2025-12-06,6,22,"Event Day",119,14.4,58,1,1
2025-12-06,6,23,"Event Day",92,12.8,60,1,1
2025-12-07,0,0,Weekend,10,12.8,41,1,0
2025-12-07,0,1,Weekend,9,12.7,57,1,0
2025-12-07,0,2,Weekend,8,10.1,56,1,0
2025-12-07,0,3,Weekend,7,13.7,60,1,0
2025-12-07,0,4,Weekend,7,11.8,59,1,0
2025-12-07,0,5,Weekend,8,8.5,59,1,0
2025-12-07,0,6,Weekend,12,13.4,67,0,0
2025-12-07,0,7,Weekend,14,8.8,58,0,0
2025-12-07,0,8,Weekend,19,10.3,74,0,0
2025-12-07,0,9,Weekend,27,8,65,0,0
2025-12-07,0,10,Weekend,36,5.4,75,0,0
2025-12-07,0,11,Weekend,38,6.4,73,0,0
2025-12-07,0,12,Weekend,43,7.9,76,0,0
2025-12-07,0,13,Weekend,48,4.1,82,0,0
2025-12-07,0,14,Weekend,50,3.1,73,0,0
2025-12-07,0,15,Weekend,52,6.2,75,0,0
2025-12-07,0,16,Weekend,40,5.9,72,0,0
2025-12-07,0,17,Weekend,36,6.5,78,0,0
2025-12-07,0,18,Weekend,52,7.4,68,1,0
2025-12-07,0,19,Weekend,64,6.5,66,1,0
2025-12-07,0,20,Weekend,53,7.6,66,1,0
2025-12-07,0,21,Weekend,45,11.8,51,1,0
2025-12-07,0,22,Weekend,30,11,64,1,0
2025-12-07,0,23,Weekend,15,11.8,59,1,0
2025-12-08,1,0,"Regular Weekday",8,13.1,49,1,0
2025-12-08,1,1,"Regular Weekday",7,8.6,59,1,0
2025-12-08,1,2,"Regular Weekday",6,13.9,54,1,0
2025-12-08,1,3,"Regular Weekday",6,12.6,49,1,0
2025-12-08,1,4,"Regular Weekday",6,13.7,61,1,0
2025-12-08,1,5,"Regular Weekday",7,11.8,55,1,0
2025-12-08,1,6,"Regular Weekday",11,10.9,72,0,0
2025-12-08,1,7,"Regular Weekday",15,13.9,67,0,0
2025-12-08,1,8,"Regular Weekday",21,9.4,62,0,0
2025-12-08,1,9,"Regular Weekday",26,8.3,78,0,0
2025-12-08,1,10,"Regular Weekday",28,7,76,0,0
2025-12-08,1,11,"Regular Weekday",31,6.4,70,0,0
2025-12-08,1,12,"Regular Weekday",32,5.8,76,0,0
2025-12-08,1,13,"Regular Weekday",34,4.1,83,0,0
2025-12-08,1,14,"Regular Weekday",37,5.6,72,0,0
2025-12-08,1,15,"Regular Weekday",33,4.8,79,0,0
2025-12-08,1,16,"Regular Weekday",32,7.3,74,0,0
2025-12-08,1,17,"Regular Weekday",28,5.3,74,0,0
2025-12-08,1,18,"Regular Weekday",40,7.7,69,1,0
2025-12-08,1,19,"Regular Weekday",46,8.7,72,1,0
2025-12-08,1,20,"Regular Weekday",43,11.6,61,1,0
2025-12-08,1,21,"Regular Weekday",32,10.2,64,1,0
2025-12-08,1,22,"Regular Weekday",19,12.5,70,1,0
2025-12-08,1,23,"Regular Weekday",12,11.5,61,1,0
2025-12-09,2,0,"Regular Weekday",8,10.7,57,1,0
2025-12-09,2,1,"Regular Weekday",7,11.5,52,1,0
2025-12-09,2,2,"Regular Weekday",6,12.6,51,1,0
2025-12-09,2,3,"Regular Weekday",6,11.8,52,1,0
2025-12-09,2,4,"Regular Weekday",6,12.1,51,1,0
2025-12-09,2,5,"Regular Weekday",7,10.2,56,1,0
2025-12-09,2,6,"Regular Weekday",12,10.7,64,0,0
2025-12-09,2,7,"Regular Weekday",17,9.9,60,0,0
2025-12-09,2,8,"Regular Weekday",22,7.8,67,0,0
2025-12-09,2,9,"Regular Weekday",25,9.5,64,0,0
2025-12-09,2,10,"Regular Weekday",29,7.8,84,0,0
2025-12-09,2,11,"Regular Weekday",30,4.2,78,0,0
2025-12-09,2,12,"Regular Weekday",33,5.1,78,0,0
2025-12-09,2,13,"Regular Weekday",32,5.3,82,0,0
2025-12-09,2,14,"Regular Weekday",37,4.8,76,0,0
2025-12-09,2,15,"Regular Weekday",35,5.4,78,0,0
2025-12-09,2,16,"Regular Weekday",30,5.9,68,0,0
2025-12-09,2,17,"Regular Weekday",25,6.3,64,0,0
2025-12-09,2,18,"Regular Weekday",39,7.3,67,1,0
2025-12-09,2,19,"Regular Weekday",47,5.7,68,1,0
2025-12-09,2,20,"Regular Weekday",40,9.1,73,1,0
2025-12-09,2,21,"Regular Weekday",32,8.8,65,1,0
2025-12-09,2,22,"Regular Weekday",19,12.6,58,1,0
2025-12-09,2,23,"Regular Weekday",11,13.6,50,1,0
2025-12-10,3,0,"Regular Weekday",8,10.8,58,1,0
2025-12-10,3,1,"Regular Weekday",7,12,59,1,0
2025-12-10,3,2,"Regular Weekday",6,13.2,49,1,0
2025-12-10,3,3,"Regular Weekday",6,13.8,48,1,0
2025-12-10,3,4,"Regular Weekday",6,10.7,49,1,0
2025-12-10,3,5,"Regular Weekday",7,13.8,64,1,0
2025-12-10,3,6,"Regular Weekday",11,10.6,62,0,0
2025-12-10,3,7,"Regular Weekday",16,11.1,59,0,0
2025-12-10,3,8,"Regular Weekday",22,9.4,63,0,0
2025-12-10,3,9,"Regular Weekday",23,9.5,70,0,0
2025-12-10,3,10,"Regular Weekday",28,6.4,69,0,0
2025-12-10,3,11,"Regular Weekday",29,5.6,72,0,0
2025-12-10,3,12,"Regular Weekday",31,5.2,74,0,0
2025-12-10,3,13,"Regular Weekday",35,4.1,75,0,0
2025-12-10,3,14,"Regular Weekday",35,7,79,0,0
2025-12-10,3,15,"Regular Weekday",32,5.5,80,0,0
2025-12-10,3,16,"Regular Weekday",29,6.4,77,0,0
2025-12-10,3,17,"Regular Weekday",26,6.9,77,0,0
2025-12-10,3,18,"Regular Weekday",40,6.1,78,1,0
2025-12-10,3,19,"Regular Weekday",45,7.5,76,1,0
2025-12-10,3,20,"Regular Weekday",40,9.4,58,1,0
2025-12-10,3,21,"Regular Weekday",34,10,58,1,0
2025-12-10,3,22,"Regular Weekday",21,10.7,52,1,0
2025-12-10,3,23,"Regular Weekday",12,11,52,1,0
2025-12-11,4,0,"Regular Weekday",8,10.2,52,1,0
2025-12-11,4,1,"Regular Weekday",7,13.6,61,1,0
2025-12-11,4,2,"Regular Weekday",6,11.9,59,1,0
2025-12-11,4,3,"Regular Weekday",6,13.2,59,1,0
2025-12-11,4,4,"Regular Weekday",6,11.3,46,1,0
2025-12-11,4,5,"Regular Weekday",7,12.1,57,1,0
2025-12-11,4,6,"Regular Weekday",13,13.2,60,0,0
2025-12-11,4,7,"Regular Weekday",17,10.6,71,0,0
2025-12-11,4,8,"Regular Weekday",21,10.2,68,0,0
2025-12-11,4,9,"Regular Weekday",25,10.6,65,0,0
2025-12-11,4,10,"Regular Weekday",29,7.5,68,0,0
2025-12-11,4,11,"Regular Weekday",30,4.5,71,0,0
2025-12-11,4,12,"Regular Weekday",31,3.4,72,0,0
2025-12-11,4,13,"Regular Weekday",35,5.5,81,0,0
2025-12-11,4,14,"Regular Weekday",37,6.9,75,0,0
2025-12-11,4,15,"Regular Weekday",34,4.6,78,0,0
2025-12-11,4,16,"Regular Weekday",31,6.3,67,0,0
2025-12-11,4,17,"Regular Weekday",26,7.2,76,0,0
2025-12-11,4,18,"Regular Weekday",38,6.7,73,1,0
2025-12-11,4,19,"Regular Weekday",51,7.7,68,1,0
2025-12-11,4,20,"Regular Weekday",43,9.5,71,1,0
2025-12-11,4,21,"Regular Weekday",33,12.6,63,1,0
2025-12-11,4,22,"Regular Weekday",19,11.5,62,1,0
2025-12-11,4,23,"Regular Weekday",12,13.4,53,1,0
2025-12-12,5,0,"Regular Weekday",8,15.1,57,1,0
2025-12-12,5,1,"Regular Weekday",7,12.6,58,1,0
2025-12-12,5,2,"Regular Weekday",6,15.3,53,1,0
2025-12-12,5,3,"Regular Weekday",6,16.2,56,1,0
2025-12-12,5,4,"Regular Weekday",6,13.6,58,1,0
2025-12-12,5,5,"Regular Weekday",7,14.1,55,1,0
2025-12-12,5,6,"Regular Weekday",12,10.8,64,0,0
2025-12-12,5,7,"Regular Weekday",17,8,62,0,0
2025-12-12,5,8,"Regular Weekday",21,8.4,67,0,0
2025-12-12,5,9,"Regular Weekday",26,9,70,0,0
2025-12-12,5,10,"Regular Weekday",27,7.1,68,0,0
2025-12-12,5,11,"Regular Weekday",31,8.3,66,0,0
2025-12-12,5,12,"Regular Weekday",30,4.9,72,0,0
2025-12-12,5,13,"Regular Weekday",34,5.7,75,0,0
2025-12-12,5,14,"Regular Weekday",36,6.2,86,0,0
2025-12-12,5,15,"Regular Weekday",34,7.9,80,0,0
2025-12-12,5,16,"Regular Weekday",30,7.4,79,0,0
2025-12-12,5,17,"Regular Weekday",25,5.4,73,0,0
2025-12-12,5,18,"Regular Weekday",38,10.2,79,1,0
2025-12-12,5,19,"Regular Weekday",43,8.2,67,1,0
2025-12-12,5,20,"Regular Weekday",43,9.3,66,1,0
2025-12-12,5,21,"Regular Weekday",31,11,56,1,0
2025-12-12,5,22,"Regular Weekday",20,10.1,56,1,0
2025-12-12,5,23,"Regular Weekday",13,12.6,59,1,0
2025-12-13,6,0,"Event Day",15,12.4,52,1,1
2025-12-13,6,1,"Event Day",12,14.5,58,1,1
2025-12-13,6,2,"Event Day",9,15.3,51,1,1
2025-12-13,6,3,"Event Day",9,13.2,58,1,1
2025-12-13,6,4,"Event Day",9,11.4,58,1,0
2025-12-13,6,5,"Event Day",10,12.4,50,1,0
2025-12-13,6,6,"Event Day",16,10.6,49,0,0
2025-12-13,6,7,"Event Day",21,9.1,58,0,0
2025-12-13,6,8,"Event Day",24,10.8,72,0,0
2025-12-13,6,9,"Event Day",27,9.8,72,0,0
2025-12-13,6,10,"Event Day",34,4.1,69,0,0
2025-12-13,6,11,"Event Day",41,4.9,73,0,0
2025-12-13,6,12,"Event Day",42,4.7,77,0,0
2025-12-13,6,13,"Event Day",47,9.6,81,0,0
2025-12-13,6,14,"Event Day",53,3.7,76,0,0
2025-12-13,6,15,"Event Day",61,5.6,80,0,0
2025-12-13,6,16,"Event Day",73,6.2,68,0,0
2025-12-13,6,17,"Event Day",78,8.1,73,0,0
2025-12-13,6,18,"Event Day",111,6.8,68,1,0
2025-12-13,6,19,"Event Day",145,8.6,67,1,0
2025-12-13,6,20,"Event Day",138,9.2,68,1,0
2025-12-13,6,21,"Event Day",152,9.7,63,1,0
2025-12-13,6,22,"Event Day",134,10.1,53,1,1
2025-12-13,6,23,"Event Day",88,13.1,58,1,1
2025-12-14,0,0,Weekend,9,11.1,51,1,0
2025-12-14,0,1,Weekend,8,11.5,46,1,0
2025-12-14,0,2,Weekend,8,9.9,59,1,0
2025-12-14,0,3,Weekend,7,12.2,57,1,0
2025-12-14,0,4,Weekend,7,13.7,58,1,0
2025-12-14,0,5,Weekend,9,12.1,58,1,0
2025-12-14,0,6,Weekend,11,14.7,68,0,0
2025-12-14,0,7,Weekend,14,11,59,0,0
2025-12-14,0,8,Weekend,21,11.4,66,0,0
2025-12-14,0,9,Weekend,27,8.1,67,0,0
2025-12-14,0,10,Weekend,35,8.9,68,0,0
2025-12-14,0,11,Weekend,41,6,86,0,0
2025-12-14,0,12,Weekend,44,6.8,79,0,0
2025-12-14,0,13,Weekend,46,3.4,73,0,0
2025-12-14,0,14,Weekend,48,5,73,0,0
2025-12-14,0,15,Weekend,49,6.5,72,0,0
2025-12-14,0,16,Weekend,41,4.6,71,0,0
2025-12-14,0,17,Weekend,38,8.2,76,0,0
2025-12-14,0,18,Weekend,51,10.6,72,1,0
2025-12-14,0,19,Weekend,63,9.3,60,1,0
2025-12-14,0,20,Weekend,54,10.4,55,1,0
2025-12-14,0,21,Weekend,43,10.7,58,1,0
2025-12-14,0,22,Weekend,28,11.2,55,1,0
2025-12-14,0,23,Weekend,15,12.6,64,1,0
2025-12-15,1,0,"Regular Weekday",8,13.5,51,1,0
2025-12-15,1,1,"Regular Weekday",7,12.4,55,1,0
2025-12-15,1,2,"Regular Weekday",6,12.6,57,1,0
2025-12-15,1,3,"Regular Weekday",6,11.2,42,1,0
2025-12-15,1,4,"Regular Weekday",6,14.5,58,1,0
2025-12-15,1,5,"Regular Weekday",7,9.7,59,1,0
2025-12-15,1,6,"Regular Weekday",12,9.4,69,0,0
2025-12-15,1,7,"Regular Weekday",17,10,52,0,0
2025-12-15,1,8,"Regular Weekday",24,10,66,0,0
2025-12-15,1,9,"Regular Weekday",24,9.9,72,0,0
2025-12-15,1,10,"Regular Weekday",27,8,76,0,0
2025-12-15,1,11,"Regular Weekday",29,6.7,73,0,0
2025-12-15,1,12,"Regular Weekday",33,6.3,76,0,0
2025-12-15,1,13,"Regular Weekday",33,4.9,72,0,0
2025-12-15,1,14,"Regular Weekday",36,6,77,0,0
2025-12-15,1,15,"Regular Weekday",33,6.7,58,0,0
2025-12-15,1,16,"Regular Weekday",30,7.2,79,0,0
2025-12-15,1,17,"Regular Weekday",27,6.6,75,0,0
2025-12-15,1,18,"Regular Weekday",39,6.2,70,1,0
2025-12-15,1,19,"Regular Weekday",45,10.9,60,1,0
2025-12-15,1,20,"Regular Weekday",41,10.5,62,1,0
2025-12-15,1,21,"Regular Weekday",32,8.8,63,1,0
2025-12-15,1,22,"Regular Weekday",20,14.2,61,1,0
2025-12-15,1,23,"Regular Weekday",12,13.2,53,1,0
2025-12-16,2,0,"Regular Weekday",8,15.2,47,1,0
2025-12-16,2,1,"Regular Weekday",7,15.4,58,1,0
2025-12-16,2,2,"Regular Weekday",6,15.2,57,1,0
2025-12-16,2,3,"Regular Weekday",6,13.2,54,1,0
2025-12-16,2,4,"Regular Weekday",6,15.8,60,1,0
2025-12-16,2,5,"Regular Weekday",7,10.6,60,1,0
2025-12-16,2,6,"Regular Weekday",13,11.7,54,0,0
2025-12-16,2,7,"Regular Weekday",16,9.3,69,0,0
2025-12-16,2,8,"Regular Weekday",20,8.8,69,0,0
2025-12-16,2,9,"Regular Weekday",24,5.6,68,0,0
2025-12-16,2,10,"Regular Weekday",28,8.9,73,0,0
2025-12-16,2,11,"Regular Weekday",30,9,73,0,0
2025-12-16,2,12,"Regular Weekday",33,5,78,0,0
2025-12-16,2,13,"Regular Weekday",34,5.1,77,0,0
2025-12-16,2,14,"Regular Weekday",34,3.3,77,0,0
2025-12-16,2,15,"Regular Weekday",33,6.8,75,0,0
2025-12-16,2,16,"Regular Weekday",30,9.5,82,0,0
2025-12-16,2,17,"Regular Weekday",26,8.6,69,0,0
2025-12-16,2,18,"Regular Weekday",38,7.4,67,1,0
2025-12-16,2,19,"Regular Weekday",46,6.8,66,1,0
2025-12-16,2,20,"Regular Weekday",40,9.6,63,1,0
2025-12-16,2,21,"Regular Weekday",31,10.9,70,1,0
2025-12-16,2,22,"Regular Weekday",20,11,57,1,0
2025-12-16,2,23,"Regular Weekday",13,13.1,47,1,0
2025-12-17,3,0,"Regular Weekday",8,14,51,1,0
2025-12-17,3,1,"Regular Weekday",7,15.1,56,1,0
2025-12-17,3,2,"Regular Weekday",6,17.7,58,1,0
2025-12-17,3,3,"Regular Weekday",6,12.7,55,1,0
2025-12-17,3,4,"Regular Weekday",6,14,58,1,0
2025-12-17,3,5,"Regular Weekday",7,11.8,59,1,0
2025-12-17,3,6,"Regular Weekday",11,12.1,63,0,0
2025-12-17,3,7,"Regular Weekday",16,10.8,71,0,0
2025-12-17,3,8,"Regular Weekday",23,12.6,62,0,0
2025-12-17,3,9,"Regular Weekday",25,10.2,70,0,0
2025-12-17,3,10,"Regular Weekday",28,7.1,72,0,0
2025-12-17,3,11,"Regular Weekday",31,5.3,72,0,0
2025-12-17,3,12,"Regular Weekday",33,5.6,67,0,0
2025-12-17,3,13,"Regular Weekday",34,6.8,75,0,0
2025-12-17,3,14,"Regular Weekday",35,8.4,79,0,0
2025-12-17,3,15,"Regular Weekday",32,2.5,81,0,0
2025-12-17,3,16,"Regular Weekday",32,8.6,85,0,0
2025-12-17,3,17,"Regular Weekday",26,7.5,68,0,0
2025-12-17,3,18,"Regular Weekday",37,4.4,70,1,0
2025-12-17,3,19,"Regular Weekday",46,6.4,76,1,0
2025-12-17,3,20,"Regular Weekday",40,10.5,60,1,0
2025-12-17,3,21,"Regular Weekday",31,10.3,64,1,0
2025-12-17,3,22,"Regular Weekday",21,9.5,49,1,0
2025-12-17,3,23,"Regular Weekday",12,13.8,51,1,0
2025-12-18,4,0,"Regular Weekday",9,13.4,57,1,0
2025-12-18,4,1,"Regular Weekday",7,13.8,57,1,0
2025-12-18,4,2,"Regular Weekday",5,13.3,56,1,0
2025-12-18,4,3,"Regular Weekday",6,15.2,50,1,0
2025-12-18,4,4,"Regular Weekday",6,10.5,52,1,0
2025-12-18,4,5,"Regular Weekday",7,10.4,50,1,0
2025-12-18,4,6,"Regular Weekday",11,9.7,54,0,0
2025-12-18,4,7,"Regular Weekday",15,11.7,63,0,0
2025-12-18,4,8,"Regular Weekday",21,12.8,63,0,0
2025-12-18,4,9,"Regular Weekday",25,8.6,74,0,0
2025-12-18,4,10,"Regular Weekday",28,6.6,69,0,0
2025-12-18,4,11,"Regular Weekday",31,8,66,0,0
2025-12-18,4,12,"Regular Weekday",34,6.2,70,0,0
2025-12-18,4,13,"Regular Weekday",36,8.2,77,0,0
2025-12-18,4,14,"Regular Weekday",35,4.5,71,0,0
2025-12-18,4,15,"Regular Weekday",33,6.3,72,0,0
2025-12-18,4,16,"Regular Weekday",30,5.3,80,0,0
2025-12-18,4,17,"Regular Weekday",25,4.6,74,0,0
2025-12-18,4,18,"Regular Weekday",42,9.8,65,1,0
2025-12-18,4,19,"Regular Weekday",46,7.3,67,1,0
2025-12-18,4,20,"Regular Weekday",40,9.2,64,1,0
2025-12-18,4,21,"Regular Weekday",30,10.7,65,1,0
2025-12-18,4,22,"Regular Weekday",20,10.6,62,1,0
2025-12-18,4,23,"Regular Weekday",12,12,57,1,0
2025-12-19,5,0,"Event Day",14,15.1,57,1,1
2025-12-19,5,1,"Event Day",13,14.1,54,1,1
2025-12-19,5,2,"Event Day",10,16.5,53,1,1
2025-12-19,5,3,"Event Day",10,13.3,54,1,1
2025-12-19,5,4,"Event Day",10,16,60,1,0
2025-12-19,5,5,"Event Day",10,14,58,1,0
2025-12-19,5,6,"Event Day",16,11.3,59,0,0
2025-12-19,5,7,"Event Day",19,11.8,58,0,0
2025-12-19,5,8,"Event Day",28,14.2,72,0,0
2025-12-19,5,9,"Event Day",30,7.1,68,0,0
2025-12-19,5,10,"Event Day",35,7.9,72,0,0
2025-12-19,5,11,"Event Day",39,8.4,73,0,0
2025-12-19,5,12,"Event Day",41,3.3,80,0,0
2025-12-19,5,13,"Event Day",49,9.9,79,0,0
2025-12-19,5,14,"Event Day",55,6.5,80,0,0
2025-12-19,5,15,"Event Day",61,8.1,80,0,0
2025-12-19,5,16,"Event Day",74,6.2,74,0,0
2025-12-19,5,17,"Event Day",82,6.6,77,0,0
2025-12-19,5,18,"Event Day",99,6.9,74,1,0
2025-12-19,5,19,"Event Day",127,10.4,65,1,0
2025-12-19,5,20,"Event Day",135,10.2,72,1,0
2025-12-19,5,21,"Event Day",135,13.7,56,1,0
2025-12-19,5,22,"Event Day",130,14.2,52,1,1
2025-12-19,5,23,"Event Day",97,16.4,65,1,1
2025-12-20,6,0,Weekend,10,14.5,55,1,0
2025-12-20,6,1,Weekend,9,13.1,62,1,0
2025-12-20,6,2,Weekend,8,15.6,52,1,0
2025-12-20,6,3,Weekend,7,14.4,49,1,0
2025-12-20,6,4,Weekend,7,14.9,61,1,0
2025-12-20,6,5,Weekend,8,12.5,60,1,0
2025-12-20,6,6,Weekend,11,13.2,58,0,0
2025-12-20,6,7,Weekend,14,11.1,56,0,0
2025-12-20,6,8,Weekend,20,8.5,62,0,0
2025-12-20,6,9,Weekend,28,11.3,73,0,0
2025-12-20,6,10,Weekend,36,8.2,73,0,0
2025-12-20,6,11,Weekend,39,6.9,84,0,0
2025-12-20,6,12,Weekend,44,6.9,78,0,0
2025-12-20,6,13,Weekend,46,5.8,68,0,0
2025-12-20,6,14,Weekend,48,6,69,0,0
2025-12-20,6,15,Weekend,47,7.2,79,0,0
2025-12-20,6,16,Weekend,43,6.3,72,0,0
2025-12-20,6,17,Weekend,36,9.7,70,0,0
2025-12-20,6,18,Weekend,51,9.6,62,1,0
2025-12-20,6,19,Weekend,60,10.7,65,1,0
2025-12-20,6,20,Weekend,56,12.7,66,1,0
2025-12-20,6,21,Weekend,44,12.2,60,1,0
2025-12-20,6,22,Weekend,29,11.7,60,1,0
2025-12-20,6,23,Weekend,16,12.7,57,1,0
2025-12-21,0,0,Weekend,9,14.8,58,1,0
2025-12-21,0,1,Weekend,9,14.3,54,1,0
2025-12-21,0,2,Weekend,8,14.7,57,1,0
2025-12-21,0,3,Weekend,7,18.9,45,1,0
2025-12-21,0,4,Weekend,7,14.8,54,1,0
2025-12-21,0,5,Weekend,8,15.4,53,1,0
2025-12-21,0,6,Weekend,10,13.7,59,0,0
2025-12-21,0,7,Weekend,14,12,59,0,0
2025-12-21,0,8,Weekend,20,10.5,60,0,0
2025-12-21,0,9,Weekend,30,10.7,73,0,0
2025-12-21,0,10,Weekend,35,9.4,74,0,0
2025-12-21,0,11,Weekend,42,7.4,72,0,0
2025-12-21,0,12,Weekend,46,7.7,72,0,0
2025-12-21,0,13,Weekend,44,6,71,0,0
2025-12-21,0,14,Weekend,46,8.7,90,0,0
2025-12-21,0,15,Weekend,47,5.9,72,0,0
2025-12-21,0,16,Weekend,42,8,78,0,0
2025-12-21,0,17,Weekend,35,8.8,65,0,0
2025-12-21,0,18,Weekend,48,7.9,73,1,0
2025-12-21,0,19,Weekend,60,10.3,73,1,0
2025-12-21,0,20,Weekend,52,9.9,70,1,0
2025-12-21,0,21,Weekend,47,12.1,57,1,0
2025-12-21,0,22,Weekend,28,13.5,62,1,0
2025-12-21,0,23,Weekend,15,11.8,63,1,0
2025-12-22,1,0,"Regular Weekday",8,15.3,50,1,0
2025-12-22,1,1,"Regular Weekday",7,14.7,51,1,0
2025-12-22,1,2,"Regular Weekday",6,16.2,49,1,0
2025-12-22,1,3,"Regular Weekday",6,14.2,57,1,0
2025-12-22,1,4,"Regular Weekday",6,14.2,57,1,0
2025-12-22,1,5,"Regular Weekday",7,13.1,56,1,0
2025-12-22,1,6,"Regular Weekday",12,15.1,59,0,0
2025-12-22,1,7,"Regular Weekday",17,11.1,61,0,0
2025-12-22,1,8,"Regular Weekday",22,13,66,0,0
2025-12-22,1,9,"Regular Weekday",24,9.5,72,0,0
2025-12-22,1,10,"Regular Weekday",27,7.6,67,0,0
2025-12-22,1,11,"Regular Weekday",28,11.5,75,0,0
2025-12-22,1,12,"Regular Weekday",33,6.8,79,0,0
2025-12-22,1,13,"Regular Weekday",33,6.4,83,0,0
2025-12-22,1,14,"Regular Weekday",36,5.5,81,0,0
2025-12-22,1,15,"Regular Weekday",34,7.2,75,0,0
2025-12-22,1,16,"Regular Weekday",29,6.2,76,0,0
2025-12-22,1,17,"Regular Weekday",26,7.8,85,0,0
2025-12-22,1,18,"Regular Weekday",39,9.5,62,1,0
2025-12-22,1,19,"Regular Weekday",46,7.5,67,1,0
2025-12-22,1,20,"Regular Weekday",40,10.3,65,1,0
2025-12-22,1,21,"Regular Weekday",32,9.2,59,1,0
2025-12-22,1,22,"Regular Weekday",20,10.3,58,1,0
2025-12-22,1,23,"Regular Weekday",11,12.2,55,1,0
2025-12-23,2,0,"Regular Weekday",9,16.8,54,1,0
2025-12-23,2,1,"Regular Weekday",7,14.4,62,1,0
2025-12-23,2,2,"Regular Weekday",6,18.5,58,1,0
2025-12-23,2,3,"Regular Weekday",6,14.7,45,1,0
2025-12-23,2,4,"Regular Weekday",6,13.6,58,1,0
2025-12-23,2,5,"Regular Weekday",7,13.8,57,1,0
2025-12-23,2,6,"Regular Weekday",12,10,66,0,0
2025-12-23,2,7,"Regular Weekday",16,11.1,60,0,0
2025-12-23,2,8,"Regular Weekday",24,9.9,64,0,0
2025-12-23,2,9,"Regular Weekday",26,8.9,68,0,0
2025-12-23,2,10,"Regular Weekday",28,6.8,75,0,0
2025-12-23,2,11,"Regular Weekday",29,7.6,71,0,0
2025-12-23,2,12,"Regular Weekday",33,7.8,73,0,0
2025-12-23,2,13,"Regular Weekday",34,7,80,0,0
2025-12-23,2,14,"Regular Weekday",38,6.5,82,0,0
2025-12-23,2,15,"Regular Weekday",31,8.6,79,0,0
2025-12-23,2,16,"Regular Weekday",28,7.6,75,0,0
2025-12-23,2,17,"Regular Weekday",27,6.1,75,0,0
2025-12-23,2,18,"Regular Weekday",38,8.9,71,1,0
2025-12-23,2,19,"Regular Weekday",47,9.9,77,1,0
2025-12-23,2,20,"Regular Weekday",41,12.2,59,1,0
2025-12-23,2,21,"Regular Weekday",33,14.5,65,1,0
2025-12-23,2,22,"Regular Weekday",21,13.4,54,1,0
2025-12-23,2,23,"Regular Weekday",12,13.1,60,1,0
2025-12-24,3,0,"Event Day",13,15.4,57,1,1
2025-12-24,3,1,"Event Day",12,12.7,58,1,1
2025-12-24,3,2,"Event Day",11,17.4,48,1,1
2025-12-24,3,3,"Event Day",9,15.5,58,1,1
2025-12-24,3,4,"Event Day",9,12.6,54,1,0
2025-12-24,3,5,"Event Day",9,14.2,56,1,0
2025-12-24,3,6,"Event Day",17,12.7,53,0,0
2025-12-24,3,7,"Event Day",21,12.2,58,0,0
2025-12-24,3,8,"Event Day",27,8.9,77,0,0
2025-12-24,3,9,"Event Day",28,11.2,68,0,0
2025-12-24,3,10,"Event Day",37,8.6,71,0,0
2025-12-24,3,11,"Event Day",37,8.7,74,0,0
2025-12-24,3,12,"Event Day",42,8.1,81,0,0
2025-12-24,3,13,"Event Day",48,6.7,82,0,0
2025-12-24,3,14,"Event Day",50,7.3,78,0,0
2025-12-24,3,15,"Event Day",59,6.7,71,0,0
2025-12-24,3,16,"Event Day",72,6.5,74,0,0
2025-12-24,3,17,"Event Day",73,9.1,78,0,0
2025-12-24,3,18,"Event Day",109,7.9,78,1,0
2025-12-24,3,19,"Event Day",130,9.3,68,1,0
2025-12-24,3,20,"Event Day",130,11.8,66,1,0
2025-12-24,3,21,"Event Day",149,15.1,52,1,0
2025-12-24,3,22,"Event Day",130,12.9,62,1,1
2025-12-24,3,23,"Event Day",102,13.2,54,1,1
2025-12-25,4,0,"Regular Weekday",8,16.8,63,1,0
2025-12-25,4,1,"Regular Weekday",7,13.9,55,1,0
2025-12-25,4,2,"Regular Weekday",6,16.1,57,1,0
2025-12-25,4,3,"Regular Weekday",6,16.1,50,1,0
2025-12-25,4,4,"Regular Weekday",6,13.3,55,1,0
2025-12-25,4,5,"Regular Weekday",7,13.8,66,1,0
2025-12-25,4,6,"Regular Weekday",12,12.1,59,0,0
2025-12-25,4,7,"Regular Weekday",16,10.4,67,0,0
2025-12-25,4,8,"Regular Weekday",21,11.1,65,0,0
2025-12-25,4,9,"Regular Weekday",24,10.6,69,0,0
2025-12-25,4,10,"Regular Weekday",29,11,82,0,0
2025-12-25,4,11,"Regular Weekday",30,11.8,77,0,0
2025-12-25,4,12,"Regular Weekday",31,5.8,70,0,0
2025-12-25,4,13,"Regular Weekday",34,6.2,86,0,0
2025-12-25,4,14,"Regular Weekday",35,5.4,81,0,0
2025-12-25,4,15,"Regular Weekday",36,5.8,75,0,0
2025-12-25,4,16,"Regular Weekday",31,8.9,78,0,0
2025-12-25,4,17,"Regular Weekday",26,8.1,74,0,0
2025-12-25,4,18,"Regular Weekday",37,10.6,65,1,0
2025-12-25,4,19,"Regular Weekday",42,9.7,73,1,0
2025-12-25,4,20,"Regular Weekday",40,10.7,64,1,0
2025-12-25,4,21,"Regular Weekday",32,13.8,56,1,0
2025-12-25,4,22,"Regular Weekday",19,14.7,55,1,0
2025-12-25,4,23,"Regular Weekday",12,13.1,58,1,0
2025-12-26,5,0,"Regular Weekday",8,12.6,45,1,0
2025-12-26,5,1,"Regular Weekday",7,15.7,57,1,0
2025-12-26,5,2,"Regular Weekday",6,16.1,54,1,0
2025-12-26,5,3,"Regular Weekday",6,17.2,52,1,0
2025-12-26,5,4,"Regular Weekday",6,14,45,1,0
2025-12-26,5,5,"Regular Weekday",7,13.8,59,1,0
2025-12-26,5,6,"Regular Weekday",12,12.5,59,0,0
2025-12-26,5,7,"Regular Weekday",16,9.9,67,0,0
2025-12-26,5,8,"Regular Weekday",21,11.9,68,0,0
2025-12-26,5,9,"Regular Weekday",24,10.4,59,0,0
2025-12-26,5,10,"Regular Weekday",27,11.1,68,0,0
2025-12-26,5,11,"Regular Weekday",28,8.4,78,0,0
2025-12-26,5,12,"Regular Weekday",31,6,80,0,0
2025-12-26,5,13,"Regular Weekday",35,7.4,80,0,0
2025-12-26,5,14,"Regular Weekday",35,9.3,73,0,0
2025-12-26,5,15,"Regular Weekday",33,5,84,0,0
2025-12-26,5,16,"Regular Weekday",30,8.5,86,0,0
2025-12-26,5,17,"Regular Weekday",26,7.1,73,0,0
2025-12-26,5,18,"Regular Weekday",38,10.1,67,1,0
2025-12-26,5,19,"Regular Weekday",44,11.2,72,1,0
2025-12-26,5,20,"Regular Weekday",38,9.9,72,1,0
2025-12-26,5,21,"Regular Weekday",32,13.5,56,1,0
2025-12-26,5,22,"Regular Weekday",20,16.3,51,1,0
2025-12-26,5,23,"Regular Weekday",12,12.3,55,1,0
2025-12-27,6,0,"Event Day",15,12.9,54,1,1
2025-12-27,6,1,"Event Day",13,17.5,54,1,1
2025-12-27,6,2,"Event Day",10,15.4,43,1,1
2025-12-27,6,3,"Event Day",9,14.2,58,1,1
2025-12-27,6,4,"Event Day",10,14.4,54,1,0
2025-12-27,6,5,"Event Day",11,11.9,53,1,0
2025-12-27,6,6,"Event Day",15,15.2,60,0,0
2025-12-27,6,7,"Event Day",20,12.9,60,0,0
2025-12-27,6,8,"Event Day",27,14.7,58,0,0
2025-12-27,6,9,"Event Day",32,11.3,72,0,0
2025-12-27,6,10,"Event Day",33,8.3,76,0,0
2025-12-27,6,11,"Event Day",32,7.3,71,0,0
2025-12-27,6,12,"Event Day",47,7.7,74,0,0
2025-12-27,6,13,"Event Day",49,6.3,76,0,0
2025-12-27,6,14,"Event Day",54,9.3,70,0,0
2025-12-27,6,15,"Event Day",59,10.7,84,0,0
2025-12-27,6,16,"Event Day",65,7.6,83,0,0
2025-12-27,6,17,"Event Day",83,10.9,78,0,0
2025-12-27,6,18,"Event Day",109,9.3,73,1,0
2025-12-27,6,19,"Event Day",141,12,63,1,0
2025-12-27,6,20,"Event Day",136,11.6,59,1,0
2025-12-27,6,21,"Event Day",136,13.5,63,1,0
2025-12-27,6,22,"Event Day",142,12.6,61,1,1
2025-12-27,6,23,"Event Day",94,13.9,46,1,1
2025-12-28,0,0,Weekend,10,16,57,1,0
2025-12-28,0,1,Weekend,9,14.1,48,1,0
2025-12-28,0,2,Weekend,7,16.2,47,1,0
2025-12-28,0,3,Weekend,7,18.8,52,1,0
2025-12-28,0,4,Weekend,6,12.1,50,1,0
2025-12-28,0,5,Weekend,8,14.6,59,1,0
2025-12-28,0,6,Weekend,10,12.3,63,0,0
2025-12-28,0,7,Weekend,13,13,55,0,0
2025-12-28,0,8,Weekend,19,10,66,0,0
2025-12-28,0,9,Weekend,30,9.6,71,0,0
2025-12-28,0,10,Weekend,34,11.6,78,0,0
2025-12-28,0,11,Weekend,43,7.8,63,0,0
2025-12-28,0,12,Weekend,44,11.8,76,0,0
2025-12-28,0,13,Weekend,48,5.9,77,0,0
2025-12-28,0,14,Weekend,49,7.1,84,0,0
2025-12-28,0,15,Weekend,46,6.9,73,0,0
2025-12-28,0,16,Weekend,43,7.6,67,0,0
2025-12-28,0,17,Weekend,36,5.6,70,0,0
2025-12-28,0,18,Weekend,51,8.3,78,1,0
2025-12-28,0,19,Weekend,58,9.9,66,1,0
2025-12-28,0,20,Weekend,53,11.7,68,1,0
2025-12-28,0,21,Weekend,45,13.8,63,1,0
2025-12-28,0,22,Weekend,29,14.6,49,1,0
2025-12-28,0,23,Weekend,16,11.8,50,1,0
2025-12-29,1,0,"Regular Weekday",8,17.3,49,1,0
2025-12-29,1,1,"Regular Weekday",7,18.6,56,1,0
2025-12-29,1,2,"Regular Weekday",6,15.9,52,1,0
2025-12-29,1,3,"Regular Weekday",6,17.2,53,1,0
2025-12-29,1,4,"Regular Weekday",6,17.4,51,1,0
2025-12-29,1,5,"Regular Weekday",7,13.1,53,1,0
2025-12-29,1,6,"Regular Weekday",12,12.5,68,0,0
2025-12-29,1,7,"Regular Weekday",16,12.1,58,0,0
2025-12-29,1,8,"Regular Weekday",23,11.4,67,0,0
2025-12-29,1,9,"Regular Weekday",23,13,67,0,0
2025-12-29,1,10,"Regular Weekday",29,12.2,69,0,0
2025-12-29,1,11,"Regular Weekday",29,7.8,59,0,0
2025-12-29,1,12,"Regular Weekday",36,12.3,69,0,0
2025-12-29,1,13,"Regular Weekday",34,7.8,75,0,0
2025-12-29,1,14,"Regular Weekday",36,7,74,0,0
2025-12-29,1,15,"Regular Weekday",34,7.9,83,0,0
2025-12-29,1,16,"Regular Weekday",30,5.4,80,0,0
2025-12-29,1,17,"Regular Weekday",26,6.6,77,0,0
2025-12-29,1,18,"Regular Weekday",37,9.9,62,1,0
2025-12-29,1,19,"Regular Weekday",45,7.9,73,1,0
2025-12-29,1,20,"Regular Weekday",42,11.5,76,1,0
2025-12-29,1,21,"Regular Weekday",30,12.3,57,1,0
2025-12-29,1,22,"Regular Weekday",20,11.9,54,1,0
2025-12-29,1,23,"Regular Weekday",12,13.6,50,1,0
2025-12-30,2,0,"Regular Weekday",8,18.9,66,1,0
2025-12-30,2,1,"Regular Weekday",7,16.4,58,1,0
2025-12-30,2,2,"Regular Weekday",6,16.1,46,1,0
2025-12-30,2,3,"Regular Weekday",6,16.5,48,1,0
2025-12-30,2,4,"Regular Weekday",6,16.9,59,1,0
2025-12-30,2,5,"Regular Weekday",7,13.8,56,1,0
2025-12-30,2,6,"Regular Weekday",12,13.5,52,0,0
2025-12-30,2,7,"Regular Weekday",15,11,61,0,0
2025-12-30,2,8,"Regular Weekday",21,12.5,60,0,0
2025-12-30,2,9,"Regular Weekday",25,14,72,0,0
2025-12-30,2,10,"Regular Weekday",29,9.6,66,0,0
2025-12-30,2,11,"Regular Weekday",30,9.5,75,0,0
2025-12-30,2,12,"Regular Weekday",31,8.3,73,0,0
2025-12-30,2,13,"Regular Weekday",34,5.8,78,0,0
2025-12-30,2,14,"Regular Weekday",38,7.9,66,0,0
2025-12-30,2,15,"Regular Weekday",34,9,70,0,0
2025-12-30,2,16,"Regular Weekday",30,7.4,62,0,0
2025-12-30,2,17,"Regular Weekday",24,11.8,72,0,0
2025-12-30,2,18,"Regular Weekday",38,12.3,69,1,0
2025-12-30,2,19,"Regular Weekday",50,13.1,68,1,0
2025-12-30,2,20,"Regular Weekday",40,16.7,65,1,0
2025-12-30,2,21,"Regular Weekday",34,11.3,64,1,0
2025-12-30,2,22,"Regular Weekday",21,14,55,1,0
2025-12-30,2,23,"Regular Weekday",13,15.1,58,1,0
2025-12-31,3,0,"Regular Weekday",8,17.2,61,1,0
2025-12-31,3,1,"Regular Weekday",7,14.3,45,1,0
2025-12-31,3,2,"Regular Weekday",6,15.8,48,1,0
2025-12-31,3,3,"Regular Weekday",6,14.5,51,1,0
2025-12-31,3,4,"Regular Weekday",6,15.3,59,1,0
2025-12-31,3,5,"Regular Weekday",7,14.8,52,1,0
2025-12-31,3,6,"Regular Weekday",11,13.8,55,0,0
2025-12-31,3,7,"Regular Weekday",16,11.8,53,0,0
2025-12-31,3,8,"Regular Weekday",22,9.5,68,0,0
2025-12-31,3,9,"Regular Weekday",25,9.2,77,0,0
2025-12-31,3,10,"Regular Weekday",29,12.8,74,0,0
2025-12-31,3,11,"Regular Weekday",30,11.2,73,0,0
2025-12-31,3,12,"Regular Weekday",32,7.7,68,0,0
2025-12-31,3,13,"Regular Weekday",35,7.6,75,0,0
2025-12-31,3,14,"Regular Weekday",36,10.2,74,0,0
2025-12-31,3,15,"Regular Weekday",34,5.1,74,0,0
2025-12-31,3,16,"Regular Weekday",29,10.4,71,0,0
2025-12-31,3,17,"Regular Weekday",25,7.3,74,0,0
2025-12-31,3,18,"Regular Weekday",39,11.5,64,1,0
2025-12-31,3,19,"Regular Weekday",48,12.1,71,1,0
2025-12-31,3,20,"Regular Weekday",42,11.9,54,1,0
2025-12-31,3,21,"Regular Weekday",32,13.5,63,1,0
2025-12-31,3,22,"Regular Weekday",20,12.3,61,1,0
2025-12-31,3,23,"Regular Weekday",12,17.4,61,1,0
2026-01-01,4,0,"Regular Weekday",8,16,53,1,0
2026-01-01,4,1,"Regular Weekday",7,16.2,43,1,0
2026-01-01,4,2,"Regular Weekday",6,16.7,46,1,0
2026-01-01,4,3,"Regular Weekday",6,16.5,55,1,0
2026-01-01,4,4,"Regular Weekday",6,17.1,51,1,0
2026-01-01,4,5,"Regular Weekday",7,13.9,50,1,0
2026-01-01,4,6,"Regular Weekday",11,11.6,60,0,0
2026-01-01,4,7,"Regular Weekday",16,14.2,67,0,0
2026-01-01,4,8,"Regular Weekday",22,11.1,58,0,0
2026-01-01,4,9,"Regular Weekday",24,11.2,67,0,0
2026-01-01,4,10,"Regular Weekday",26,8.3,66,0,0
2026-01-01,4,11,"Regular Weekday",32,10.3,65,0,0
2026-01-01,4,12,"Regular Weekday",32,9.4,73,0,0
2026-01-01,4,13,"Regular Weekday",33,7.2,69,0,0
2026-01-01,4,14,"Regular Weekday",36,8.3,83,0,0
2026-01-01,4,15,"Regular Weekday",33,10.1,81,0,0
2026-01-01,4,16,"Regular Weekday",28,8.3,82,0,0
2026-01-01,4,17,"Regular Weekday",27,10.2,74,0,0
2026-01-01,4,18,"Regular Weekday",37,9.8,75,1,0
2026-01-01,4,19,"Regular Weekday",48,10.2,72,1,0
2026-01-01,4,20,"Regular Weekday",36,12.4,61,1,0
2026-01-01,4,21,"Regular Weekday",33,12.6,59,1,0
2026-01-01,4,22,"Regular Weekday",20,12.7,58,1,0
2026-01-01,4,23,"Regular Weekday",12,15.7,54,1,0
2026-01-02,5,0,"Event Day",15,12.2,52,1,1
2026-01-02,5,1,"Event Day",12,14.2,59,1,1
2026-01-02,5,2,"Event Day",10,14,54,1,1
2026-01-02,5,3,"Event Day",9,16.8,53,1,1
2026-01-02,5,4,"Event Day",9,16.3,51,1,0
2026-01-02,5,5,"Event Day",10,17.5,54,1,0
2026-01-02,5,6,"Event Day",15,14.8,72,0,0
2026-01-02,5,7,"Event Day",20,14.9,71,0,0
2026-01-02,5,8,"Event Day",22,10.3,68,0,0
2026-01-02,5,9,"Event Day",30,12.7,70,0,0
2026-01-02,5,10,"Event Day",36,8.3,80,0,0
2026-01-02,5,11,"Event Day",38,9.2,71,0,0
2026-01-02,5,12,"Event Day",40,9.7,84,0,0
2026-01-02,5,13,"Event Day",45,9.1,73,0,0
2026-01-02,5,14,"Event Day",54,7.3,85,0,0
2026-01-02,5,15,"Event Day",63,5.2,80,0,0
2026-01-02,5,16,"Event Day",64,8.3,70,0,0
2026-01-02,5,17,"Event Day",87,9.4,63,0,0
2026-01-02,5,18,"Event Day",108,7.3,62,1,0
2026-01-02,5,19,"Event Day",132,9.5,74,1,0
2026-01-02,5,20,"Event Day",144,13.2,68,1,0
2026-01-02,5,21,"Event Day",138,13,60,1,0
2026-01-02,5,22,"Event Day",128,13.3,60,1,1
2026-01-02,5,23,"Event Day",85,15.3,54,1,1
2026-01-03,6,0,"Event Day",14,15.5,54,1,1
2026-01-03,6,1,"Event Day",11,16.4,58,1,1
2026-01-03,6,2,"Event Day",10,18.7,50,1,1
2026-01-03,6,3,"Event Day",9,13.8,48,1,1
2026-01-03,6,4,"Event Day",8,12.3,67,1,0
2026-01-03,6,5,"Event Day",10,16.2,57,1,0
2026-01-03,6,6,"Event Day",17,13.8,55,0,0
2026-01-03,6,7,"Event Day",22,15.3,56,0,0
2026-01-03,6,8,"Event Day",24,15.7,60,0,0
2026-01-03,6,9,"Event Day",33,15.2,63,0,0
2026-01-03,6,10,"Event Day",34,8.8,70,0,0
2026-01-03,6,11,"Event Day",42,10.6,75,0,0
2026-01-03,6,12,"Event Day",41,10.3,72,0,0
2026-01-03,6,13,"Event Day",49,9.9,77,0,0
2026-01-03,6,14,"Event Day",52,5.4,84,0,0
2026-01-03,6,15,"Event Day",61,9.6,80,0,0
2026-01-03,6,16,"Event Day",73,9.2,66,0,0
2026-01-03,6,17,"Event Day",83,9.9,78,0,0
2026-01-03,6,18,"Event Day",109,10.9,66,1,0
2026-01-03,6,19,"Event Day",123,9.8,75,1,0
2026-01-03,6,20,"Event Day",147,12.2,66,1,0
2026-01-03,6,21,"Event Day",139,17.7,64,1,0
2026-01-03,6,22,"Event Day",142,12.3,57,1,1
2026-01-03,6,23,"Event Day",93,13.5,59,1,1
2026-01-04,0,0,Weekend,10,17.2,57,1,0
2026-01-04,0,1,Weekend,9,15.9,54,1,0
2026-01-04,0,2,Weekend,8,17.2,46,1,0
2026-01-04,0,3,Weekend,7,15.8,47,1,0
2026-01-04,0,4,Weekend,7,18.3,52,1,0
2026-01-04,0,5,Weekend,8,15.3,48,1,0
2026-01-04,0,6,Weekend,12,12.3,58,0,0
2026-01-04,0,7,Weekend,15,12.5,60,0,0
2026-01-04,0,8,Weekend,19,14.6,71,0,0
2026-01-04,0,9,Weekend,29,12.8,60,0,0
2026-01-04,0,10,Weekend,39,7.1,79,0,0
2026-01-04,0,11,Weekend,41,9.6,80,0,0
2026-01-04,0,12,Weekend,42,8.2,79,0,0
2026-01-04,0,13,Weekend,50,7.4,70,0,0
2026-01-04,0,14,Weekend,51,7.7,82,0,0
2026-01-04,0,15,Weekend,50,9.1,83,0,0
2026-01-04,0,16,Weekend,42,8.9,74,0,0
2026-01-04,0,17,Weekend,36,10.5,77,0,0
2026-01-04,0,18,Weekend,53,12,65,1,0
2026-01-04,0,19,Weekend,65,11.4,77,1,0
2026-01-04,0,20,Weekend,54,11.3,66,1,0
2026-01-04,0,21,Weekend,41,11.4,49,1,0
2026-01-04,0,22,Weekend,29,15.1,54,1,0
2026-01-04,0,23,Weekend,16,15.1,63,1,0
2026-01-05,1,0,"Regular Weekday",8,15.9,52,1,0
2026-01-05,1,1,"Regular Weekday",7,17.6,56,1,0
2026-01-05,1,2,"Regular Weekday",6,18.1,59,1,0
2026-01-05,1,3,"Regular Weekday",6,17.8,51,1,0
2026-01-05,1,4,"Regular Weekday",6,14.2,46,1,0
2026-01-05,1,5,"Regular Weekday",7,16.4,60,1,0
2026-01-05,1,6,"Regular Weekday",13,15,65,0,0
2026-01-05,1,7,"Regular Weekday",16,16.9,59,0,0
2026-01-05,1,8,"Regular Weekday",22,12.5,72,0,0
2026-01-05,1,9,"Regular Weekday",25,11.3,70,0,0
2026-01-05,1,10,"Regular Weekday",27,10.5,70,0,0
2026-01-05,1,11,"Regular Weekday",30,9.5,68,0,0
2026-01-05,1,12,"Regular Weekday",31,10.6,73,0,0
2026-01-05,1,13,"Regular Weekday",34,8,86,0,0
2026-01-05,1,14,"Regular Weekday",37,12.5,78,0,0
2026-01-05,1,15,"Regular Weekday",32,8.3,79,0,0
2026-01-05,1,16,"Regular Weekday",29,9.9,85,0,0
2026-01-05,1,17,"Regular Weekday",26,10.1,71,0,0
2026-01-05,1,18,"Regular Weekday",38,10.5,63,1,0
2026-01-05,1,19,"Regular Weekday",45,8.8,67,1,0
2026-01-05,1,20,"Regular Weekday",42,13.1,66,1,0
2026-01-05,1,21,"Regular Weekday",33,12.6,61,1,0
2026-01-05,1,22,"Regular Weekday",20,15.3,59,1,0
2026-01-05,1,23,"Regular Weekday",12,15.2,60,1,0
2026-01-06,2,0,"Regular Weekday",8,17.9,54,1,0
2026-01-06,2,1,"Regular Weekday",6,17.2,49,1,0
2026-01-06,2,2,"Regular Weekday",6,15.9,49,1,0
2026-01-06,2,3,"Regular Weekday",6,16.5,55,1,0
2026-01-06,2,4,"Regular Weekday",6,17.5,58,1,0
2026-01-06,2,5,"Regular Weekday",7,17.6,53,1,0
2026-01-06,2,6,"Regular Weekday",12,14,60,0,0
2026-01-06,2,7,"Regular Weekday",16,14.8,62,0,0
2026-01-06,2,8,"Regular Weekday",22,14.2,62,0,0
2026-01-06,2,9,"Regular Weekday",27,10.8,62,0,0
2026-01-06,2,10,"Regular Weekday",26,9,75,0,0
2026-01-06,2,11,"Regular Weekday",30,10.4,70,0,0
2026-01-06,2,12,"Regular Weekday",33,10.4,69,0,0
2026-01-06,2,13,"Regular Weekday",35,8.5,80,0,0
2026-01-06,2,14,"Regular Weekday",35,9,74,0,0
2026-01-06,2,15,"Regular Weekday",34,9.4,71,0,0
2026-01-06,2,16,"Regular Weekday",28,10.3,78,0,0
2026-01-06,2,17,"Regular Weekday",28,9.4,80,0,0
2026-01-06,2,18,"Regular Weekday",37,7.6,66,1,0
2026-01-06,2,19,"Regular Weekday",43,10.5,75,1,0
2026-01-06,2,20,"Regular Weekday",40,12.3,65,1,0
2026-01-06,2,21,"Regular Weekday",32,14.5,63,1,0
2026-01-06,2,22,"Regular Weekday",20,14.9,58,1,0
2026-01-06,2,23,"Regular Weekday",13,13.3,60,1,0
2026-01-07,3,0,"Regular Weekday",8,16.1,58,1,0
2026-01-07,3,1,"Regular Weekday",7,12.3,51,1,0
2026-01-07,3,2,"Regular Weekday",6,16.9,42,1,0
2026-01-07,3,3,"Regular Weekday",6,16,47,1,0
2026-01-07,3,4,"Regular Weekday",6,15.9,45,1,0
2026-01-07,3,5,"Regular Weekday",6,19.1,55,1,0
2026-01-07,3,6,"Regular Weekday",12,14.5,61,0,0
2026-01-07,3,7,"Regular Weekday",16,13,61,0,0
2026-01-07,3,8,"Regular Weekday",22,12.3,63,0,0
2026-01-07,3,9,"Regular Weekday",25,9.3,65,0,0
2026-01-07,3,10,"Regular Weekday",31,11.3,77,0,0
2026-01-07,3,11,"Regular Weekday",29,11.6,74,0,0
2026-01-07,3,12,"Regular Weekday",31,9.8,87,0,0
2026-01-07,3,13,"Regular Weekday",36,12.1,81,0,0
2026-01-07,3,14,"Regular Weekday",36,6.9,80,0,0
2026-01-07,3,15,"Regular Weekday",34,8.7,82,0,0
2026-01-07,3,16,"Regular Weekday",30,7.8,75,0,0
2026-01-07,3,17,"Regular Weekday",26,11.6,73,0,0
2026-01-07,3,18,"Regular Weekday",38,11.6,79,1,0
2026-01-07,3,19,"Regular Weekday",44,11.4,78,1,0
2026-01-07,3,20,"Regular Weekday",39,11.6,63,1,0
2026-01-07,3,21,"Regular Weekday",34,13.8,63,1,0
2026-01-07,3,22,"Regular Weekday",19,15.9,66,1,0
2026-01-07,3,23,"Regular Weekday",12,15.7,52,1,0
2026-01-08,4,0,"Regular Weekday",8,16,61,1,0
2026-01-08,4,1,"Regular Weekday",7,17.1,67,1,0
2026-01-08,4,2,"Regular Weekday",6,17.7,49,1,0
2026-01-08,4,3,"Regular Weekday",6,15.6,56,1,0
2026-01-08,4,4,"Regular Weekday",6,16.2,56,1,0
2026-01-08,4,5,"Regular Weekday",7,15.2,56,1,0
2026-01-08,4,6,"Regular Weekday",13,14.9,58,0,0
2026-01-08,4,7,"Regular Weekday",17,13.8,54,0,0
2026-01-08,4,8,"Regular Weekday",22,14.5,65,0,0
2026-01-08,4,9,"Regular Weekday",27,12.6,79,0,0
2026-01-08,4,10,"Regular Weekday",29,9.9,77,0,0
2026-01-08,4,11,"Regular Weekday",32,11.1,72,0,0
2026-01-08,4,12,"Regular Weekday",32,11.7,86,0,0
2026-01-08,4,13,"Regular Weekday",34,7.5,70,0,0
2026-01-08,4,14,"Regular Weekday",37,10.6,77,0,0
2026-01-08,4,15,"Regular Weekday",34,6.8,87,0,0
2026-01-08,4,16,"Regular Weekday",30,10.8,75,0,0
2026-01-08,4,17,"Regular Weekday",26,9.1,65,0,0
2026-01-08,4,18,"Regular Weekday",37,12.3,72,1,0
2026-01-08,4,19,"Regular Weekday",45,15.3,58,1,0
2026-01-08,4,20,"Regular Weekday",36,12.2,65,1,0
2026-01-08,4,21,"Regular Weekday",31,16.4,68,1,0
2026-01-08,4,22,"Regular Weekday",21,16.9,55,1,0
2026-01-08,4,23,"Regular Weekday",12,18.7,53,1,0
2026-01-09,5,0,"Regular Weekday",8,15.7,54,1,0
2026-01-09,5,1,"Regular Weekday",7,18.7,57,1,0
2026-01-09,5,2,"Regular Weekday",6,17.9,62,1,0
2026-01-09,5,3,"Regular Weekday",6,16.2,44,1,0
2026-01-09,5,4,"Regular Weekday",6,18.7,49,1,0
2026-01-09,5,5,"Regular Weekday",7,15.3,51,1,0
2026-01-09,5,6,"Regular Weekday",13,11.9,64,0,0
2026-01-09,5,7,"Regular Weekday",16,15.5,65,0,0
2026-01-09,5,8,"Regular Weekday",22,12.8,53,0,0
2026-01-09,5,9,"Regular Weekday",23,12,75,0,0
2026-01-09,5,10,"Regular Weekday",28,12.9,69,0,0
2026-01-09,5,11,"Regular Weekday",32,11.1,76,0,0
2026-01-09,5,12,"Regular Weekday",34,8.1,77,0,0
2026-01-09,5,13,"Regular Weekday",35,7.4,68,0,0
2026-01-09,5,14,"Regular Weekday",35,7.3,79,0,0
2026-01-09,5,15,"Regular Weekday",35,11.5,74,0,0
2026-01-09,5,16,"Regular Weekday",30,10.5,74,0,0
2026-01-09,5,17,"Regular Weekday",26,10.8,77,0,0
2026-01-09,5,18,"Regular Weekday",39,11,69,1,0
2026-01-09,5,19,"Regular Weekday",45,12.6,69,1,0
2026-01-09,5,20,"Regular Weekday",40,13.2,70,1,0
2026-01-09,5,21,"Regular Weekday",32,14.9,61,1,0
2026-01-09,5,22,"Regular Weekday",20,15.6,59,1,0
2026-01-09,5,23,"Regular Weekday",12,13.2,59,1,0
2026-01-10,6,0,Weekend,9,17.7,57,1,0
2026-01-10,6,1,Weekend,9,16.5,50,1,0
2026-01-10,6,2,Weekend,8,19.9,60,1,0
2026-01-10,6,3,Weekend,7,16.1,52,1,0
2026-01-10,6,4,Weekend,7,17.4,51,1,0
2026-01-10,6,5,Weekend,8,12.9,66,1,0
2026-01-10,6,6,Weekend,11,13.7,59,0,0
2026-01-10,6,7,Weekend,14,14.5,57,0,0
2026-01-10,6,8,Weekend,20,11.7,70,0,0
2026-01-10,6,9,Weekend,27,13.6,69,0,0
2026-01-10,6,10,Weekend,35,13.6,80,0,0
2026-01-10,6,11,Weekend,43,8.9,65,0,0
2026-01-10,6,12,Weekend,42,8.5,79,0,0
2026-01-10,6,13,Weekend,46,10.2,83,0,0
2026-01-10,6,14,Weekend,50,11.5,72,0,0
2026-01-10,6,15,Weekend,48,11.5,71,0,0
2026-01-10,6,16,Weekend,41,11.4,81,0,0
2026-01-10,6,17,Weekend,35,8.7,81,0,0
2026-01-10,6,18,Weekend,51,9.1,66,1,0
2026-01-10,6,19,Weekend,61,10.3,72,1,0
2026-01-10,6,20,Weekend,53,12.8,60,1,0
2026-01-10,6,21,Weekend,42,16.5,66,1,0
2026-01-10,6,22,Weekend,29,14.1,51,1,0
2026-01-10,6,23,Weekend,16,19.8,53,1,0
2026-01-11,0,0,Weekend,10,15.3,55,1,0
2026-01-11,0,1,Weekend,9,17.5,54,1,0
2026-01-11,0,2,Weekend,8,19.2,57,1,0
2026-01-11,0,3,Weekend,7,17.9,51,1,0
2026-01-11,0,4,Weekend,7,15,56,1,0
2026-01-11,0,5,Weekend,8,15.3,55,1,0
2026-01-11,0,6,Weekend,12,15.4,59,0,0
2026-01-11,0,7,Weekend,14,14,61,0,0
2026-01-11,0,8,Weekend,20,14.4,61,0,0
2026-01-11,0,9,Weekend,29,12.5,77,0,0
2026-01-11,0,10,Weekend,36,14.3,73,0,0
2026-01-11,0,11,Weekend,40,8.2,76,0,0
2026-01-11,0,12,Weekend,45,10.2,76,0,0
2026-01-11,0,13,Weekend,46,10.3,74,0,0
2026-01-11,0,14,Weekend,50,9.8,72,0,0
2026-01-11,0,15,Weekend,48,8.3,77,0,0
2026-01-11,0,16,Weekend,42,10.9,75,0,0
2026-01-11,0,17,Weekend,34,13.3,74,0,0
2026-01-11,0,18,Weekend,53,12.9,70,1,0
2026-01-11,0,19,Weekend,67,11,72,1,0
2026-01-11,0,20,Weekend,57,13.2,59,1,0
2026-01-11,0,21,Weekend,45,14.5,57,1,0
2026-01-11,0,22,Weekend,28,12.6,68,1,0
2026-01-11,0,23,Weekend,16,17.1,51,1,0
2026-01-12,1,0,"Regular Weekday",8,15.8,53,1,0
2026-01-12,1,1,"Regular Weekday",7,18.9,46,1,0
2026-01-12,1,2,"Regular Weekday",6,17.8,60,1,0
2026-01-12,1,3,"Regular Weekday",6,16.7,56,1,0
2026-01-12,1,4,"Regular Weekday",6,17.2,55,1,0
2026-01-12,1,5,"Regular Weekday",7,17.5,53,1,0
2026-01-12,1,6,"Regular Weekday",12,15.1,54,0,0
2026-01-12,1,7,"Regular Weekday",16,13.6,68,0,0
2026-01-12,1,8,"Regular Weekday",23,14,66,0,0
2026-01-12,1,9,"Regular Weekday",23,13.2,62,0,0
2026-01-12,1,10,"Regular Weekday",29,11.1,69,0,0
2026-01-12,1,11,"Regular Weekday",30,10.1,72,0,0
2026-01-12,1,12,"Regular Weekday",32,8.3,72,0,0
2026-01-12,1,13,"Regular Weekday",33,9.9,82,0,0
2026-01-12,1,14,"Regular Weekday",36,11.4,80,0,0
2026-01-12,1,15,"Regular Weekday",37,9.6,87,0,0
2026-01-12,1,16,"Regular Weekday",31,9.8,80,0,0
2026-01-12,1,17,"Regular Weekday",25,11.2,72,0,0
2026-01-12,1,18,"Regular Weekday",39,8.5,66,1,0
2026-01-12,1,19,"Regular Weekday",45,12.3,61,1,0
2026-01-12,1,20,"Regular Weekday",39,14.2,65,1,0
2026-01-12,1,21,"Regular Weekday",33,15.6,53,1,0
2026-01-12,1,22,"Regular Weekday",21,12.9,59,1,0
2026-01-12,1,23,"Regular Weekday",13,17,56,1,0
2026-01-13,2,0,"Regular Weekday",8,19.1,59,1,0
2026-01-13,2,1,"Regular Weekday",7,18.2,58,1,0
2026-01-13,2,2,"Regular Weekday",6,17.6,53,1,0
2026-01-13,2,3,"Regular Weekday",6,21.1,55,1,0
2026-01-13,2,4,"Regular Weekday",6,18.8,57,1,0
2026-01-13,2,5,"Regular Weekday",7,16.7,60,1,0
2026-01-13,2,6,"Regular Weekday",12,13.5,54,0,0
2026-01-13,2,7,"Regular Weekday",17,16.4,64,0,0
2026-01-13,2,8,"Regular Weekday",22,13.7,59,0,0
2026-01-13,2,9,"Regular Weekday",24,14.7,61,0,0
2026-01-13,2,10,"Regular Weekday",29,14.7,69,0,0
2026-01-13,2,11,"Regular Weekday",31,10.8,69,0,0
2026-01-13,2,12,"Regular Weekday",32,9.3,76,0,0
2026-01-13,2,13,"Regular Weekday",37,10.1,76,0,0
2026-01-13,2,14,"Regular Weekday",36,8.9,73,0,0
2026-01-13,2,15,"Regular Weekday",34,11.7,84,0,0
2026-01-13,2,16,"Regular Weekday",31,10,76,0,0
2026-01-13,2,17,"Regular Weekday",27,10.4,77,0,0
2026-01-13,2,18,"Regular Weekday",39,12.8,65,1,0
2026-01-13,2,19,"Regular Weekday",44,14,68,1,0
2026-01-13,2,20,"Regular Weekday",42,14.9,65,1,0
2026-01-13,2,21,"Regular Weekday",31,12.9,68,1,0
2026-01-13,2,22,"Regular Weekday",19,15.5,59,1,0
2026-01-13,2,23,"Regular Weekday",12,18.4,59,1,0
2026-01-14,3,0,"Event Day",13,18,52,1,1
2026-01-14,3,1,"Event Day",11,17.7,42,1,1
2026-01-14,3,2,"Event Day",10,17.2,52,1,1
2026-01-14,3,3,"Event Day",9,16.3,50,1,1
2026-01-14,3,4,"Event Day",9,17.3,54,1,0
2026-01-14,3,5,"Event Day",10,16.3,63,1,0
2026-01-14,3,6,"Event Day",17,16.3,63,0,0
2026-01-14,3,7,"Event Day",22,11.5,60,0,0
2026-01-14,3,8,"Event Day",24,14.3,72,0,0
2026-01-14,3,9,"Event Day",30,13.7,72,0,0
2026-01-14,3,10,"Event Day",34,15.1,71,0,0
2026-01-14,3,11,"Event Day",39,9.6,78,0,0
2026-01-14,3,12,"Event Day",39,9.4,79,0,0
2026-01-14,3,13,"Event Day",46,6.5,84,0,0
2026-01-14,3,14,"Event Day",54,10.7,67,0,0
2026-01-14,3,15,"Event Day",58,11.3,86,0,0
2026-01-14,3,16,"Event Day",74,9.9,83,0,0
2026-01-14,3,17,"Event Day",85,9.3,66,0,0
2026-01-14,3,18,"Event Day",98,9.3,70,1,0
2026-01-14,3,19,"Event Day",133,14.6,71,1,0
2026-01-14,3,20,"Event Day",150,10.9,64,1,0
2026-01-14,3,21,"Event Day",152,15.5,50,1,0
2026-01-14,3,22,"Event Day",133,17.1,47,1,1
2026-01-14,3,23,"Event Day",94,17,54,1,1
2026-01-15,4,0,"Regular Weekday",8,17.9,48,1,0
2026-01-15,4,1,"Regular Weekday",7,17.9,54,1,0
2026-01-15,4,2,"Regular Weekday",6,19.5,51,1,0
2026-01-15,4,3,"Regular Weekday",6,17.8,57,1,0
2026-01-15,4,4,"Regular Weekday",6,17.3,50,1,0
2026-01-15,4,5,"Regular Weekday",7,16.4,53,1,0
2026-01-15,4,6,"Regular Weekday",13,16.1,64,0,0
2026-01-15,4,7,"Regular Weekday",17,14.2,59,0,0
2026-01-15,4,8,"Regular Weekday",22,14.1,64,0,0
2026-01-15,4,9,"Regular Weekday",25,11.5,79,0,0
2026-01-15,4,10,"Regular Weekday",26,12.5,72,0,0
2026-01-15,4,11,"Regular Weekday",29,11.2,72,0,0
2026-01-15,4,12,"Regular Weekday",31,10.4,64,0,0
2026-01-15,4,13,"Regular Weekday",33,7.5,72,0,0
2026-01-15,4,14,"Regular Weekday",36,11.4,75,0,0
2026-01-15,4,15,"Regular Weekday",35,8.9,71,0,0
2026-01-15,4,16,"Regular Weekday",32,12.3,76,0,0
2026-01-15,4,17,"Regular Weekday",27,9.9,83,0,0
2026-01-15,4,18,"Regular Weekday",38,12.2,77,1,0
2026-01-15,4,19,"Regular Weekday",45,12.3,71,1,0
2026-01-15,4,20,"Regular Weekday",41,14.1,63,1,0
2026-01-15,4,21,"Regular Weekday",31,13.8,56,1,0
2026-01-15,4,22,"Regular Weekday",21,15,54,1,0
2026-01-15,4,23,"Regular Weekday",12,17.4,54,1,0
2026-01-16,5,0,"Event Day",15,16.9,52,1,1
2026-01-16,5,1,"Event Day",12,19.6,47,1,1
2026-01-16,5,2,"Event Day",10,17.3,54,1,1
2026-01-16,5,3,"Event Day",8,16.8,60,1,1
2026-01-16,5,4,"Event Day",9,17.8,55,1,0
2026-01-16,5,5,"Event Day",10,16.2,56,1,0
2026-01-16,5,6,"Event Day",16,14.5,60,0,0
2026-01-16,5,7,"Event Day",22,15.6,65,0,0
2026-01-16,5,8,"Event Day",27,15,64,0,0
2026-01-16,5,9,"Event Day",32,12.4,68,0,0
2026-01-16,5,10,"Event Day",37,9.3,67,0,0
2026-01-16,5,11,"Event Day",37,10.4,70,0,0
2026-01-16,5,12,"Event Day",45,10.8,77,0,0
2026-01-16,5,13,"Event Day",46,8.8,65,0,0
2026-01-16,5,14,"Event Day",56,9.9,76,0,0
2026-01-16,5,15,"Event Day",60,12.7,79,0,0
2026-01-16,5,16,"Event Day",61,7.7,79,0,0
2026-01-16,5,17,"Event Day",89,12.5,74,0,0
2026-01-16,5,18,"Event Day",101,11.3,77,1,0
2026-01-16,5,19,"Event Day",123,13.1,70,1,0
2026-01-16,5,20,"Event Day",138,15.2,79,1,0
2026-01-16,5,21,"Event Day",159,17.1,69,1,0
2026-01-16,5,22,"Event Day",124,14.5,56,1,1
2026-01-16,5,23,"Event Day",89,17.5,61,1,1
2026-01-17,6,0,"Event Day",15,18,49,1,1
2026-01-17,6,1,"Event Day",11,16.2,53,1,1
2026-01-17,6,2,"Event Day",10,18.2,39,1,1
2026-01-17,6,3,"Event Day",9,16.3,57,1,1
2026-01-17,6,4,"Event Day",9,15.8,55,1,0
2026-01-17,6,5,"Event Day",10,18.6,62,1,0
2026-01-17,6,6,"Event Day",16,14.6,69,0,0
2026-01-17,6,7,"Event Day",20,17.3,72,0,0
2026-01-17,6,8,"Event Day",24,18.2,70,0,0
2026-01-17,6,9,"Event Day",29,13.6,69,0,0
2026-01-17,6,10,"Event Day",35,12.6,73,0,0
2026-01-17,6,11,"Event Day",36,10.4,73,0,0
2026-01-17,6,12,"Event Day",46,8.4,81,0,0
2026-01-17,6,13,"Event Day",48,8.9,73,0,0
2026-01-17,6,14,"Event Day",51,9.6,77,0,0
2026-01-17,6,15,"Event Day",62,8.4,76,0,0
2026-01-17,6,16,"Event Day",65,11.1,76,0,0
2026-01-17,6,17,"Event Day",80,10.6,78,0,0
2026-01-17,6,18,"Event Day",105,11.3,66,1,0
2026-01-17,6,19,"Event Day",127,14.9,73,1,0
2026-01-17,6,20,"Event Day",132,15.1,72,1,0
2026-01-17,6,21,"Event Day",149,15,65,1,0
2026-01-17,6,22,"Event Day",129,14.4,61,1,1
2026-01-17,6,23,"Event Day",80,17.1,55,1,1
2026-01-18,0,0,Weekend,10,17.6,58,1,0
2026-01-18,0,1,Weekend,9,18.4,53,1,0
2026-01-18,0,2,Weekend,9,16.8,57,1,0
2026-01-18,0,3,Weekend,7,18.9,44,1,0
2026-01-18,0,4,Weekend,7,20.1,56,1,0
2026-01-18,0,5,Weekend,8,17.7,53,1,0
2026-01-18,0,6,Weekend,11,17.2,64,0,0
2026-01-18,0,7,Weekend,15,14.4,50,0,0
2026-01-18,0,8,Weekend,19,11.8,71,0,0
2026-01-18,0,9,Weekend,30,13.9,68,0,0
2026-01-18,0,10,Weekend,37,13.1,83,0,0
2026-01-18,0,11,Weekend,42,11.4,72,0,0
2026-01-18,0,12,Weekend,45,10.3,67,0,0
2026-01-18,0,13,Weekend,48,14.3,79,0,0
2026-01-18,0,14,Weekend,52,13,84,0,0
2026-01-18,0,15,Weekend,46,10.3,80,0,0
2026-01-18,0,16,Weekend,43,12.7,74,0,0
2026-01-18,0,17,Weekend,37,12.5,64,0,0
2026-01-18,0,18,Weekend,56,14.6,73,1,0
2026-01-18,0,19,Weekend,58,13.6,64,1,0
2026-01-18,0,20,Weekend,54,16.4,56,1,0
2026-01-18,0,21,Weekend,46,17.9,67,1,0
2026-01-18,0,22,Weekend,28,17.6,51,1,0
2026-01-18,0,23,Weekend,17,16.4,56,1,0
2026-01-19,1,0,"Regular Weekday",8,19.4,44,1,0
2026-01-19,1,1,"Regular Weekday",7,19.8,44,1,0
2026-01-19,1,2,"Regular Weekday",6,18.2,51,1,0
2026-01-19,1,3,"Regular Weekday",6,17,45,1,0
2026-01-19,1,4,"Regular Weekday",6,17.6,62,1,0
2026-01-19,1,5,"Regular Weekday",7,14.6,61,1,0
2026-01-19,1,6,"Regular Weekday",11,19,70,0,0
2026-01-19,1,7,"Regular Weekday",16,12.9,67,0,0
2026-01-19,1,8,"Regular Weekday",22,13.9,62,0,0
2026-01-19,1,9,"Regular Weekday",26,11.6,75,0,0
2026-01-19,1,10,"Regular Weekday",27,13.9,73,0,0
2026-01-19,1,11,"Regular Weekday",31,10.9,80,0,0
2026-01-19,1,12,"Regular Weekday",31,9.8,79,0,0
2026-01-19,1,13,"Regular Weekday",35,9.3,69,0,0
2026-01-19,1,14,"Regular Weekday",38,11.7,89,0,0
2026-01-19,1,15,"Regular Weekday",34,9.5,78,0,0
2026-01-19,1,16,"Regular Weekday",31,12.7,75,0,0
2026-01-19,1,17,"Regular Weekday",25,11.2,75,0,0
2026-01-19,1,18,"Regular Weekday",39,13.7,69,1,0
2026-01-19,1,19,"Regular Weekday",46,12.7,78,1,0
2026-01-19,1,20,"Regular Weekday",39,14.9,62,1,0
2026-01-19,1,21,"Regular Weekday",33,14.9,63,1,0
2026-01-19,1,22,"Regular Weekday",20,15.2,60,1,0
2026-01-19,1,23,"Regular Weekday",12,21.2,60,1,0
2026-01-20,2,0,"Regular Weekday",8,19.2,52,1,0
2026-01-20,2,1,"Regular Weekday",7,17.7,57,1,0
2026-01-20,2,2,"Regular Weekday",6,17.7,54,1,0
2026-01-20,2,3,"Regular Weekday",6,18.2,50,1,0
2026-01-20,2,4,"Regular Weekday",6,18.3,57,1,0
2026-01-20,2,5,"Regular Weekday",7,17.7,57,1,0
2026-01-20,2,6,"Regular Weekday",12,16.8,57,0,0
2026-01-20,2,7,"Regular Weekday",15,16.1,57,0,0
2026-01-20,2,8,"Regular Weekday",22,16.4,62,0,0
2026-01-20,2,9,"Regular Weekday",24,12.2,73,0,0
2026-01-20,2,10,"Regular Weekday",30,14.4,80,0,0
2026-01-20,2,11,"Regular Weekday",31,11.9,76,0,0
2026-01-20,2,12,"Regular Weekday",33,12.8,74,0,0
2026-01-20,2,13,"Regular Weekday",33,12.8,72,0,0
2026-01-20,2,14,"Regular Weekday",35,10.3,70,0,0
2026-01-20,2,15,"Regular Weekday",35,9.5,73,0,0
2026-01-20,2,16,"Regular Weekday",31,11.2,76,0,0
2026-01-20,2,17,"Regular Weekday",25,12.3,71,0,0
2026-01-20,2,18,"Regular Weekday",38,8.9,70,1,0
2026-01-20,2,19,"Regular Weekday",44,12.4,70,1,0
2026-01-20,2,20,"Regular Weekday",42,15.2,58,1,0
2026-01-20,2,21,"Regular Weekday",32,16.7,63,1,0
2026-01-20,2,22,"Regular Weekday",19,15,59,1,0
2026-01-20,2,23,"Regular Weekday",12,15.1,59,1,0
2026-01-21,3,0,"Regular Weekday",8,20.1,60,1,0
2026-01-21,3,1,"Regular Weekday",7,17.5,65,1,0
2026-01-21,3,2,"Regular Weekday",6,18.1,58,1,0
2026-01-21,3,3,"Regular Weekday",5,19.3,50,1,0
2026-01-21,3,4,"Regular Weekday",6,19,53,1,0
2026-01-21,3,5,"Regular Weekday",7,18.1,60,1,0
2026-01-21,3,6,"Regular Weekday",12,15.6,61,0,0
2026-01-21,3,7,"Regular Weekday",15,15.8,54,0,0
2026-01-21,3,8,"Regular Weekday",22,15.6,69,0,0
2026-01-21,3,9,"Regular Weekday",23,14.9,82,0,0
2026-01-21,3,10,"Regular Weekday",28,14.9,69,0,0
2026-01-21,3,11,"Regular Weekday",31,12.2,77,0,0
2026-01-21,3,12,"Regular Weekday",32,13.2,81,0,0
2026-01-21,3,13,"Regular Weekday",34,10.7,75,0,0
2026-01-21,3,14,"Regular Weekday",37,16.2,72,0,0
2026-01-21,3,15,"Regular Weekday",35,10.7,76,0,0
2026-01-21,3,16,"Regular Weekday",30,9.4,71,0,0
2026-01-21,3,17,"Regular Weekday",26,13.4,71,0,0
2026-01-21,3,18,"Regular Weekday",39,12.8,58,1,0
2026-01-21,3,19,"Regular Weekday",46,12.2,65,1,0
2026-01-21,3,20,"Regular Weekday",42,15,57,1,0
2026-01-21,3,21,"Regular Weekday",32,15.6,61,1,0
2026-01-21,3,22,"Regular Weekday",19,17.7,55,1,0
2026-01-21,3,23,"Regular Weekday",12,19.5,54,1,0
2026-01-22,4,0,"Regular Weekday",8,19.1,53,1,0
2026-01-22,4,1,"Regular Weekday",7,16.9,56,1,0
2026-01-22,4,2,"Regular Weekday",6,18.4,46,1,0
2026-01-22,4,3,"Regular Weekday",6,18.3,54,1,0
2026-01-22,4,4,"Regular Weekday",6,20.1,48,1,0
2026-01-22,4,5,"Regular Weekday",7,17.1,52,1,0
2026-01-22,4,6,"Regular Weekday",12,18.3,54,0,0
2026-01-22,4,7,"Regular Weekday",17,18,78,0,0
2026-01-22,4,8,"Regular Weekday",23,14.1,72,0,0
2026-01-22,4,9,"Regular Weekday",24,11.5,62,0,0
2026-01-22,4,10,"Regular Weekday",27,13.4,70,0,0
2026-01-22,4,11,"Regular Weekday",31,11.7,85,0,0
2026-01-22,4,12,"Regular Weekday",31,10,74,0,0
2026-01-22,4,13,"Regular Weekday",35,10.9,75,0,0
2026-01-22,4,14,"Regular Weekday",38,11.2,82,0,0
2026-01-22,4,15,"Regular Weekday",33,11.8,78,0,0
2026-01-22,4,16,"Regular Weekday",30,10.7,76,0,0
2026-01-22,4,17,"Regular Weekday",28,13.5,72,0,0
2026-01-22,4,18,"Regular Weekday",36,15.1,72,1,0
2026-01-22,4,19,"Regular Weekday",45,14.8,65,1,0
2026-01-22,4,20,"Regular Weekday",40,15.9,66,1,0
2026-01-22,4,21,"Regular Weekday",35,14.2,70,1,0
2026-01-22,4,22,"Regular Weekday",21,18.7,66,1,0
2026-01-22,4,23,"Regular Weekday",12,18.6,66,1,0
2026-01-23,5,0,"Regular Weekday",8,19.2,55,1,0
2026-01-23,5,1,"Regular Weekday",7,22.3,58,1,0
2026-01-23,5,2,"Regular Weekday",6,19.1,51,1,0
2026-01-23,5,3,"Regular Weekday",6,19.3,53,1,0
2026-01-23,5,4,"Regular Weekday",6,16.4,63,1,0
2026-01-23,5,5,"Regular Weekday",7,16,56,1,0
2026-01-23,5,6,"Regular Weekday",12,17.2,58,0,0
2026-01-23,5,7,"Regular Weekday",16,15.7,51,0,0
2026-01-23,5,8,"Regular Weekday",21,16.4,57,0,0
2026-01-23,5,9,"Regular Weekday",25,12.9,68,0,0
2026-01-23,5,10,"Regular Weekday",28,13.3,72,0,0
2026-01-23,5,11,"Regular Weekday",30,13.1,70,0,0
2026-01-23,5,12,"Regular Weekday",32,11.5,73,0,0
2026-01-23,5,13,"Regular Weekday",35,12.5,80,0,0
2026-01-23,5,14,"Regular Weekday",36,8.3,86,0,0
2026-01-23,5,15,"Regular Weekday",31,11,75,0,0
2026-01-23,5,16,"Regular Weekday",30,11.5,75,0,0
2026-01-23,5,17,"Regular Weekday",27,12.9,72,0,0
2026-01-23,5,18,"Regular Weekday",39,16,79,1,0
2026-01-23,5,19,"Regular Weekday",49,14.6,69,1,0
2026-01-23,5,20,"Regular Weekday",39,15.6,59,1,0
2026-01-23,5,21,"Regular Weekday",31,15.1,58,1,0
2026-01-23,5,22,"Regular Weekday",19,16.9,58,1,0
2026-01-23,5,23,"Regular Weekday",13,16.4,63,1,0
2026-01-24,6,0,"Event Day",15,18.2,51,1,1
2026-01-24,6,1,"Event Day",12,20.5,51,1,1
2026-01-24,6,2,"Event Day",11,19.6,51,1,1
2026-01-24,6,3,"Event Day",10,18.1,48,1,1
2026-01-24,6,4,"Event Day",9,19.9,49,1,0
2026-01-24,6,5,"Event Day",10,16.8,54,1,0
2026-01-24,6,6,"Event Day",16,17.9,65,0,0
2026-01-24,6,7,"Event Day",19,14.5,62,0,0
2026-01-24,6,8,"Event Day",23,14,64,0,0
2026-01-24,6,9,"Event Day",31,14.6,68,0,0
2026-01-24,6,10,"Event Day",34,12.8,79,0,0
2026-01-24,6,11,"Event Day",35,10.7,73,0,0
2026-01-24,6,12,"Event Day",43,13.7,76,0,0
2026-01-24,6,13,"Event Day",49,13.2,84,0,0
2026-01-24,6,14,"Event Day",54,11.2,72,0,0
2026-01-24,6,15,"Event Day",59,10.4,78,0,0
2026-01-24,6,16,"Event Day",75,11.8,75,0,0
2026-01-24,6,17,"Event Day",93,13,77,0,0
2026-01-24,6,18,"Event Day",103,12.9,68,1,0
2026-01-24,6,19,"Event Day",127,12.4,75,1,0
2026-01-24,6,20,"Event Day",163,12.9,55,1,0
2026-01-24,6,21,"Event Day",148,18.5,62,1,0
2026-01-24,6,22,"Event Day",129,16.8,61,1,1
2026-01-24,6,23,"Event Day",87,17.7,46,1,1
2026-01-25,0,0,Weekend,10,18.4,54,1,0
2026-01-25,0,1,Weekend,9,19.2,59,1,0
2026-01-25,0,2,Weekend,8,22.3,55,1,0
2026-01-25,0,3,Weekend,7,18.7,47,1,0
2026-01-25,0,4,Weekend,7,19.1,55,1,0
2026-01-25,0,5,Weekend,8,17.5,58,1,0
2026-01-25,0,6,Weekend,11,18.1,68,0,0
2026-01-25,0,7,Weekend,14,16,65,0,0
2026-01-25,0,8,Weekend,21,15.2,70,0,0
2026-01-25,0,9,Weekend,27,14.3,71,0,0
2026-01-25,0,10,Weekend,35,12.5,70,0,0
2026-01-25,0,11,Weekend,41,10.1,82,0,0
2026-01-25,0,12,Weekend,47,12.1,79,0,0
2026-01-25,0,13,Weekend,46,12.7,73,0,0
2026-01-25,0,14,Weekend,51,12.1,73,0,0
2026-01-25,0,15,Weekend,48,13.2,76,0,0
2026-01-25,0,16,Weekend,40,10.2,78,0,0
2026-01-25,0,17,Weekend,32,11.9,69,0,0
2026-01-25,0,18,Weekend,50,12.1,64,1,0
2026-01-25,0,19,Weekend,66,14.5,64,1,0
2026-01-25,0,20,Weekend,55,16.6,68,1,0
2026-01-25,0,21,Weekend,44,16.2,61,1,0
2026-01-25,0,22,Weekend,30,16.1,60,1,0
2026-01-25,0,23,Weekend,16,16.5,60,1,0
2026-01-26,1,0,"Regular Weekday",8,18.3,58,1,0
2026-01-26,1,1,"Regular Weekday",7,18.9,57,1,0
2026-01-26,1,2,"Regular Weekday",6,19.3,50,1,0
2026-01-26,1,3,"Regular Weekday",6,18.6,51,1,0
2026-01-26,1,4,"Regular Weekday",6,22.9,55,1,0
2026-01-26,1,5,"Regular Weekday",7,19.5,61,1,0
2026-01-26,1,6,"Regular Weekday",11,18.2,57,0,0
2026-01-26,1,7,"Regular Weekday",16,16.7,62,0,0
2026-01-26,1,8,"Regular Weekday",22,17.7,63,0,0
2026-01-26,1,9,"Regular Weekday",24,13.9,67,0,0
2026-01-26,1,10,"Regular Weekday",26,13.4,70,0,0
2026-01-26,1,11,"Regular Weekday",30,11.6,75,0,0
2026-01-26,1,12,"Regular Weekday",33,12.2,81,0,0
2026-01-26,1,13,"Regular Weekday",33,12.9,79,0,0
2026-01-26,1,14,"Regular Weekday",36,13.5,80,0,0
2026-01-26,1,15,"Regular Weekday",34,11.9,79,0,0
2026-01-26,1,16,"Regular Weekday",29,11.5,74,0,0
2026-01-26,1,17,"Regular Weekday",24,13.1,78,0,0
2026-01-26,1,18,"Regular Weekday",38,14.2,73,1,0
2026-01-26,1,19,"Regular Weekday",47,13.9,61,1,0
2026-01-26,1,20,"Regular Weekday",39,16.4,62,1,0
2026-01-26,1,21,"Regular Weekday",32,16.1,60,1,0
2026-01-26,1,22,"Regular Weekday",19,18.5,63,1,0
2026-01-26,1,23,"Regular Weekday",12,20.4,66,1,0
2026-01-27,2,0,"Regular Weekday",8,20,54,1,0
2026-01-27,2,1,"Regular Weekday",7,20.3,52,1,0
2026-01-27,2,2,"Regular Weekday",6,18,54,1,0
2026-01-27,2,3,"Regular Weekday",6,19.8,49,1,0
2026-01-27,2,4,"Regular Weekday",6,22,54,1,0
2026-01-27,2,5,"Regular Weekday",7,20,51,1,0
2026-01-27,2,6,"Regular Weekday",12,16.9,51,0,0
2026-01-27,2,7,"Regular Weekday",16,18.3,72,0,0
2026-01-27,2,8,"Regular Weekday",22,14.5,66,0,0
2026-01-27,2,9,"Regular Weekday",27,14.7,64,0,0
2026-01-27,2,10,"Regular Weekday",29,12.9,63,0,0
2026-01-27,2,11,"Regular Weekday",30,11.4,79,0,0
2026-01-27,2,12,"Regular Weekday",32,11.5,83,0,0
2026-01-27,2,13,"Regular Weekday",34,9.3,75,0,0
2026-01-27,2,14,"Regular Weekday",37,10.5,70,0,0
2026-01-27,2,15,"Regular Weekday",34,12,78,0,0
2026-01-27,2,16,"Regular Weekday",32,11.3,70,0,0
2026-01-27,2,17,"Regular Weekday",27,12.3,72,0,0
2026-01-27,2,18,"Regular Weekday",39,14.6,79,1,0
2026-01-27,2,19,"Regular Weekday",43,12.7,62,1,0
2026-01-27,2,20,"Regular Weekday",39,14.4,63,1,0
2026-01-27,2,21,"Regular Weekday",31,17.3,68,1,0
2026-01-27,2,22,"Regular Weekday",21,17.3,60,1,0
2026-01-27,2,23,"Regular Weekday",12,18.2,49,1,0
2026-01-28,3,0,"Regular Weekday",8,19.3,50,1,0
2026-01-28,3,1,"Regular Weekday",7,17.8,58,1,0
2026-01-28,3,2,"Regular Weekday",6,17.8,49,1,0
2026-01-28,3,3,"Regular Weekday",6,17.6,51,1,0
2026-01-28,3,4,"Regular Weekday",6,18.8,55,1,0
2026-01-28,3,5,"Regular Weekday",7,17.6,51,1,0
2026-01-28,3,6,"Regular Weekday",12,20.3,56,0,0
2026-01-28,3,7,"Regular Weekday",16,16,65,0,0
2026-01-28,3,8,"Regular Weekday",20,15.5,59,0,0
2026-01-28,3,9,"Regular Weekday",25,12.6,58,0,0
2026-01-28,3,10,"Regular Weekday",27,13.5,70,0,0
2026-01-28,3,11,"Regular Weekday",28,12.3,81,0,0
2026-01-28,3,12,"Regular Weekday",33,13.7,76,0,0
2026-01-28,3,13,"Regular Weekday",34,13.1,71,0,0
2026-01-28,3,14,"Regular Weekday",38,7.2,72,0,0
2026-01-28,3,15,"Regular Weekday",34,11,81,0,0
2026-01-28,3,16,"Regular Weekday",31,12.8,78,0,0
2026-01-28,3,17,"Regular Weekday",25,12.2,79,0,0
2026-01-28,3,18,"Regular Weekday",40,13.9,75,1,0
2026-01-28,3,19,"Regular Weekday",44,14.4,64,1,0
2026-01-28,3,20,"Regular Weekday",39,15.4,64,1,0
2026-01-28,3,21,"Regular Weekday",32,18.8,62,1,0
2026-01-28,3,22,"Regular Weekday",22,15.8,62,1,0
2026-01-28,3,23,"Regular Weekday",11,18.2,48,1,0
2026-01-29,4,0,"Regular Weekday",8,18.6,47,1,0
2026-01-29,4,1,"Regular Weekday",7,18.7,56,1,0
2026-01-29,4,2,"Regular Weekday",6,22.1,49,1,0
2026-01-29,4,3,"Regular Weekday",6,20.6,53,1,0
2026-01-29,4,4,"Regular Weekday",6,19.5,51,1,0
2026-01-29,4,5,"Regular Weekday",7,17.3,56,1,0
2026-01-29,4,6,"Regular Weekday",12,18.5,59,0,0
2026-01-29,4,7,"Regular Weekday",16,14.9,57,0,0
2026-01-29,4,8,"Regular Weekday",22,17.4,65,0,0
2026-01-29,4,9,"Regular Weekday",25,15.5,52,0,0
2026-01-29,4,10,"Regular Weekday",27,13.3,70,0,0
2026-01-29,4,11,"Regular Weekday",30,12.7,67,0,0
2026-01-29,4,12,"Regular Weekday",30,11.3,74,0,0
2026-01-29,4,13,"Regular Weekday",32,12.9,86,0,0
2026-01-29,4,14,"Regular Weekday",35,14.9,79,0,0
2026-01-29,4,15,"Regular Weekday",34,12.9,72,0,0
2026-01-29,4,16,"Regular Weekday",29,11.3,78,0,0
2026-01-29,4,17,"Regular Weekday",25,15.4,73,0,0
2026-01-29,4,18,"Regular Weekday",36,15.3,71,1,0
2026-01-29,4,19,"Regular Weekday",44,16.5,60,1,0
2026-01-29,4,20,"Regular Weekday",38,17.9,64,1,0
2026-01-29,4,21,"Regular Weekday",33,18.4,64,1,0
2026-01-29,4,22,"Regular Weekday",20,20,59,1,0
2026-01-29,4,23,"Regular Weekday",12,19.6,64,1,0
2026-01-30,5,0,"Event Day",15,18.6,58,1,1
2026-01-30,5,1,"Event Day",13,20.4,59,1,1
2026-01-30,5,2,"Event Day",9,23.4,47,1,1
2026-01-30,5,3,"Event Day",9,17.8,58,1,1
2026-01-30,5,4,"Event Day",9,20.8,51,1,0
2026-01-30,5,5,"Event Day",9,17.4,56,1,0
2026-01-30,5,6,"Event Day",17,18.9,72,0,0
2026-01-30,5,7,"Event Day",20,16.3,73,0,0
2026-01-30,5,8,"Event Day",26,13.7,58,0,0
2026-01-30,5,9,"Event Day",28,15.7,62,0,0
2026-01-30,5,10,"Event Day",34,14.4,63,0,0
2026-01-30,5,11,"Event Day",43,10.9,61,0,0
2026-01-30,5,12,"Event Day",45,11,71,0,0
2026-01-30,5,13,"Event Day",48,15.1,82,0,0
2026-01-30,5,14,"Event Day",54,13.9,75,0,0
2026-01-30,5,15,"Event Day",55,10.8,64,0,0
2026-01-30,5,16,"Event Day",71,13.8,79,0,0
2026-01-30,5,17,"Event Day",81,14.6,78,0,0
2026-01-30,5,18,"Event Day",87,14.8,70,1,0
2026-01-30,5,19,"Event Day",134,15.1,64,1,0
2026-01-30,5,20,"Event Day",140,15.5,58,1,0
2026-01-30,5,21,"Event Day",145,19.7,49,1,0
2026-01-30,5,22,"Event Day",132,17,65,1,1
2026-01-30,5,23,"Event Day",94,19.5,54,1,1
2026-01-31,6,0,Weekend,10,16,52,1,0
2026-01-31,6,1,Weekend,9,20.2,52,1,0
2026-01-31,6,2,Weekend,8,21.7,48,1,0
2026-01-31,6,3,Weekend,7,21.6,46,1,0
2026-01-31,6,4,Weekend,7,21.4,57,1,0
2026-01-31,6,5,Weekend,8,17,51,1,0
2026-01-31,6,6,Weekend,12,18.1,59,0,0
2026-01-31,6,7,Weekend,15,16.6,69,0,0
2026-01-31,6,8,Weekend,20,14.1,71,0,0
2026-01-31,6,9,Weekend,28,16.5,64,0,0
2026-01-31,6,10,Weekend,35,12.9,67,0,0
2026-01-31,6,11,Weekend,42,16.6,74,0,0
2026-01-31,6,12,Weekend,44,11.8,68,0,0
2026-01-31,6,13,Weekend,46,12,82,0,0
2026-01-31,6,14,Weekend,48,12.6,80,0,0
2026-01-31,6,15,Weekend,50,12.4,70,0,0
2026-01-31,6,16,Weekend,40,13.5,81,0,0
2026-01-31,6,17,Weekend,34,13.5,70,0,0
2026-01-31,6,18,Weekend,57,14.6,76,1,0
2026-01-31,6,19,Weekend,64,15,70,1,0
2026-01-31,6,20,Weekend,57,16.1,64,1,0
2026-01-31,6,21,Weekend,44,15.7,59,1,0
2026-01-31,6,22,Weekend,28,18.6,58,1,0
2026-01-31,6,23,Weekend,17,20.6,45,1,0
2026-02-01,0,0,Weekend,10,19.1,47,1,0
2026-02-01,0,1,Weekend,9,21.4,49,1,0
2026-02-01,0,2,Weekend,8,19.5,60,1,0
2026-02-01,0,3,Weekend,7,20.2,55,1,0
2026-02-01,0,4,Weekend,7,21.3,49,1,0
2026-02-01,0,5,Weekend,8,18,53,1,0
2026-02-01,0,6,Weekend,12,19.2,57,0,0
2026-02-01,0,7,Weekend,14,17.9,61,0,0
2026-02-01,0,8,Weekend,19,17,68,0,0
2026-02-01,0,9,Weekend,30,17,72,0,0
2026-02-01,0,10,Weekend,37,13.6,69,0,0
2026-02-01,0,11,Weekend,39,12.6,76,0,0
2026-02-01,0,12,Weekend,45,11.3,77,0,0
2026-02-01,0,13,Weekend,49,12,88,0,0
2026-02-01,0,14,Weekend,50,13.6,77,0,0
2026-02-01,0,15,Weekend,47,11.9,77,0,0
2026-02-01,0,16,Weekend,43,12,66,0,0
2026-02-01,0,17,Weekend,36,11.5,69,0,0
2026-02-01,0,18,Weekend,52,13.1,58,1,0
2026-02-01,0,19,Weekend,61,16.9,66,1,0
2026-02-01,0,20,Weekend,53,18,61,1,0
2026-02-01,0,21,Weekend,42,16.6,66,1,0
2026-02-01,0,22,Weekend,26,16.9,63,1,0
2026-02-01,0,23,Weekend,16,16.8,54,1,0
2026-02-02,1,0,"Regular Weekday",8,21.5,52,1,0
2026-02-02,1,1,"Regular Weekday",6,18.8,50,1,0
2026-02-02,1,2,"Regular Weekday",6,19.3,50,1,0
2026-02-02,1,3,"Regular Weekday",6,18.4,50,1,0
2026-02-02,1,4,"Regular Weekday",6,20.2,59,1,0
2026-02-02,1,5,"Regular Weekday",7,17.4,57,1,0
2026-02-02,1,6,"Regular Weekday",12,16.8,66,0,0
2026-02-02,1,7,"Regular Weekday",16,17.1,59,0,0
2026-02-02,1,8,"Regular Weekday",21,14.8,50,0,0
2026-02-02,1,9,"Regular Weekday",25,14.9,71,0,0
2026-02-02,1,10,"Regular Weekday",28,15.8,71,0,0
2026-02-02,1,11,"Regular Weekday",31,12.2,77,0,0
2026-02-02,1,12,"Regular Weekday",32,12.1,81,0,0
2026-02-02,1,13,"Regular Weekday",34,16.4,70,0,0
2026-02-02,1,14,"Regular Weekday",36,12.6,75,0,0
2026-02-02,1,15,"Regular Weekday",35,14.3,76,0,0
2026-02-02,1,16,"Regular Weekday",29,12,73,0,0
2026-02-02,1,17,"Regular Weekday",26,15.3,70,0,0
2026-02-02,1,18,"Regular Weekday",39,14.9,69,1,0
2026-02-02,1,19,"Regular Weekday",46,17.1,75,1,0
2026-02-02,1,20,"Regular Weekday",40,18.2,59,1,0
2026-02-02,1,21,"Regular Weekday",31,16.9,59,1,0
2026-02-02,1,22,"Regular Weekday",20,18.8,59,1,0
2026-02-02,1,23,"Regular Weekday",12,20,50,1,0
2026-02-03,2,0,"Regular Weekday",8,21.5,50,1,0
2026-02-03,2,1,"Regular Weekday",7,21.1,53,1,0
2026-02-03,2,2,"Regular Weekday",6,20.6,59,1,0
2026-02-03,2,3,"Regular Weekday",6,19.9,52,1,0
2026-02-03,2,4,"Regular Weekday",6,17.1,51,1,0
2026-02-03,2,5,"Regular Weekday",7,19.2,49,1,0
2026-02-03,2,6,"Regular Weekday",12,18.7,60,0,0
2026-02-03,2,7,"Regular Weekday",17,19.2,54,0,0
2026-02-03,2,8,"Regular Weekday",21,16.6,75,0,0
2026-02-03,2,9,"Regular Weekday",26,13,72,0,0
2026-02-03,2,10,"Regular Weekday",28,13.8,74,0,0
2026-02-03,2,11,"Regular Weekday",31,12.8,74,0,0
2026-02-03,2,12,"Regular Weekday",31,14.9,72,0,0
2026-02-03,2,13,"Regular Weekday",35,13.3,86,0,0
2026-02-03,2,14,"Regular Weekday",38,14.6,80,0,0
2026-02-03,2,15,"Regular Weekday",35,13.8,84,0,0
2026-02-03,2,16,"Regular Weekday",31,11.6,85,0,0
2026-02-03,2,17,"Regular Weekday",26,13.8,82,0,0
2026-02-03,2,18,"Regular Weekday",39,14.6,69,1,0
2026-02-03,2,19,"Regular Weekday",42,13.3,76,1,0
2026-02-03,2,20,"Regular Weekday",39,16.8,66,1,0
2026-02-03,2,21,"Regular Weekday",31,17.9,68,1,0
2026-02-03,2,22,"Regular Weekday",21,19.4,54,1,0
2026-02-03,2,23,"Regular Weekday",12,18.7,52,1,0
2026-02-04,3,0,"Event Day",15,19.1,59,1,1
2026-02-04,3,1,"Event Day",11,20.8,49,1,1
2026-02-04,3,2,"Event Day",10,18.9,56,1,1
2026-02-04,3,3,"Event Day",9,21.3,53,1,1
2026-02-04,3,4,"Event Day",9,20.1,53,1,0
2026-02-04,3,5,"Event Day",11,17.6,54,1,0
2026-02-04,3,6,"Event Day",17,19.3,63,0,0
2026-02-04,3,7,"Event Day",20,17,74,0,0
2026-02-04,3,8,"Event Day",25,20.4,65,0,0
2026-02-04,3,9,"Event Day",30,18.2,67,0,0
2026-02-04,3,10,"Event Day",35,15,74,0,0
2026-02-04,3,11,"Event Day",34,12.1,80,0,0
2026-02-04,3,12,"Event Day",45,13.8,70,0,0
2026-02-04,3,13,"Event Day",48,11.7,71,0,0
2026-02-04,3,14,"Event Day",50,16.6,87,0,0
2026-02-04,3,15,"Event Day",57,12.4,80,0,0
2026-02-04,3,16,"Event Day",70,15.1,76,0,0
2026-02-04,3,17,"Event Day",77,14.9,79,0,0
2026-02-04,3,18,"Event Day",117,15,67,1,0
2026-02-04,3,19,"Event Day",125,17.4,65,1,0
2026-02-04,3,20,"Event Day",146,16.5,71,1,0
2026-02-04,3,21,"Event Day",153,18.7,55,1,0
2026-02-04,3,22,"Event Day",127,18.4,49,1,1
2026-02-04,3,23,"Event Day",96,20.6,59,1,1
2026-02-05,4,0,"Regular Weekday",8,18.4,52,1,0
2026-02-05,4,1,"Regular Weekday",7,21.3,57,1,0
2026-02-05,4,2,"Regular Weekday",6,17.3,55,1,0
2026-02-05,4,3,"Regular Weekday",6,21.6,56,1,0
2026-02-05,4,4,"Regular Weekday",6,21.3,45,1,0
2026-02-05,4,5,"Regular Weekday",7,18.9,53,1,0
2026-02-05,4,6,"Regular Weekday",12,15,58,0,0
2026-02-05,4,7,"Regular Weekday",15,17.5,73,0,0
2026-02-05,4,8,"Regular Weekday",22,18,63,0,0
2026-02-05,4,9,"Regular Weekday",25,18.2,73,0,0
2026-02-05,4,10,"Regular Weekday",29,14.2,67,0,0
2026-02-05,4,11,"Regular Weekday",30,13.5,76,0,0
2026-02-05,4,12,"Regular Weekday",32,17.1,74,0,0
2026-02-05,4,13,"Regular Weekday",32,13.9,83,0,0
2026-02-05,4,14,"Regular Weekday",34,15.4,80,0,0
2026-02-05,4,15,"Regular Weekday",37,12.3,69,0,0
2026-02-05,4,16,"Regular Weekday",29,12.9,75,0,0
2026-02-05,4,17,"Regular Weekday",26,15.8,77,0,0
2026-02-05,4,18,"Regular Weekday",37,14.3,64,1,0
2026-02-05,4,19,"Regular Weekday",44,17.7,67,1,0
2026-02-05,4,20,"Regular Weekday",41,19,64,1,0
2026-02-05,4,21,"Regular Weekday",30,17.8,62,1,0
2026-02-05,4,22,"Regular Weekday",19,19.6,60,1,0
2026-02-05,4,23,"Regular Weekday",12,16.5,61,1,0
2026-02-06,5,0,"Regular Weekday",8,20.1,56,1,0
2026-02-06,5,1,"Regular Weekday",7,18.4,53,1,0
2026-02-06,5,2,"Regular Weekday",6,19.5,56,1,0
2026-02-06,5,3,"Regular Weekday",6,20.3,55,1,0
2026-02-06,5,4,"Regular Weekday",6,22.8,64,1,0
2026-02-06,5,5,"Regular Weekday",7,18.9,57,1,0
2026-02-06,5,6,"Regular Weekday",12,20.1,60,0,0
2026-02-06,5,7,"Regular Weekday",16,19,66,0,0
2026-02-06,5,8,"Regular Weekday",22,16.1,66,0,0
2026-02-06,5,9,"Regular Weekday",24,18,70,0,0
2026-02-06,5,10,"Regular Weekday",28,13.3,73,0,0
2026-02-06,5,11,"Regular Weekday",30,12.8,73,0,0
2026-02-06,5,12,"Regular Weekday",31,14.8,64,0,0
2026-02-06,5,13,"Regular Weekday",34,12.1,73,0,0
2026-02-06,5,14,"Regular Weekday",36,14.3,72,0,0
2026-02-06,5,15,"Regular Weekday",36,11,71,0,0
2026-02-06,5,16,"Regular Weekday",29,15.1,84,0,0
2026-02-06,5,17,"Regular Weekday",26,13.8,77,0,0
2026-02-06,5,18,"Regular Weekday",38,13.3,74,1,0
2026-02-06,5,19,"Regular Weekday",46,14.6,59,1,0
2026-02-06,5,20,"Regular Weekday",42,19.9,59,1,0
2026-02-06,5,21,"Regular Weekday",31,20,62,1,0
2026-02-06,5,22,"Regular Weekday",19,18.6,63,1,0
2026-02-06,5,23,"Regular Weekday",12,18.9,68,1,0
2026-02-07,6,0,"Event Day",14,18.1,56,1,1
2026-02-07,6,1,"Event Day",12,19.3,48,1,1
2026-02-07,6,2,"Event Day",10,20,51,1,1
2026-02-07,6,3,"Event Day",10,21.5,57,1,1
2026-02-07,6,4,"Event Day",8,20,55,1,0
2026-02-07,6,5,"Event Day",9,23.1,52,1,0
2026-02-07,6,6,"Event Day",16,16.9,63,0,0
2026-02-07,6,7,"Event Day",20,17.4,54,0,0
2026-02-07,6,8,"Event Day",26,18,69,0,0
2026-02-07,6,9,"Event Day",29,17.9,69,0,0
2026-02-07,6,10,"Event Day",35,18.7,80,0,0
2026-02-07,6,11,"Event Day",36,13.3,71,0,0
2026-02-07,6,12,"Event Day",41,15.3,64,0,0
2026-02-07,6,13,"Event Day",48,11,84,0,0
2026-02-07,6,14,"Event Day",56,13.9,69,0,0
2026-02-07,6,15,"Event Day",63,10,74,0,0
2026-02-07,6,16,"Event Day",72,14.3,72,0,0
2026-02-07,6,17,"Event Day",74,14.3,73,0,0
2026-02-07,6,18,"Event Day",109,13.7,70,1,0
2026-02-07,6,19,"Event Day",131,14.9,66,1,0
2026-02-07,6,20,"Event Day",159,16.7,68,1,0
2026-02-07,6,21,"Event Day",143,17.4,66,1,0
2026-02-07,6,22,"Event Day",129,20,68,1,1
2026-02-07,6,23,"Event Day",95,21.4,58,1,1
2026-02-08,0,0,Weekend,10,20.8,53,1,0
2026-02-08,0,1,Weekend,9,22.1,54,1,0
2026-02-08,0,2,Weekend,8,21.8,48,1,0
2026-02-08,0,3,Weekend,7,22.8,49,1,0
2026-02-08,0,4,Weekend,7,19.9,55,1,0
2026-02-08,0,5,Weekend,8,18.1,58,1,0
2026-02-08,0,6,Weekend,11,17.8,61,0,0
2026-02-08,0,7,Weekend,14,17.9,63,0,0
2026-02-08,0,8,Weekend,21,16,63,0,0
2026-02-08,0,9,Weekend,29,18,73,0,0
2026-02-08,0,10,Weekend,36,12,66,0,0
2026-02-08,0,11,Weekend,42,14.2,80,0,0
2026-02-08,0,12,Weekend,47,14.7,77,0,0
2026-02-08,0,13,Weekend,47,12.8,73,0,0
2026-02-08,0,14,Weekend,51,13.6,79,0,0
2026-02-08,0,15,Weekend,48,10.8,67,0,0
2026-02-08,0,16,Weekend,43,10,78,0,0
2026-02-08,0,17,Weekend,35,12.2,78,0,0
2026-02-08,0,18,Weekend,51,16.7,73,1,0
2026-02-08,0,19,Weekend,61,16.7,75,1,0
2026-02-08,0,20,Weekend,57,14.9,66,1,0
2026-02-08,0,21,Weekend,39,18.3,64,1,0
2026-02-08,0,22,Weekend,31,17.9,56,1,0
2026-02-08,0,23,Weekend,16,20.4,63,1,0
2026-02-09,1,0,"Regular Weekday",8,20.2,56,1,0
2026-02-09,1,1,"Regular Weekday",7,19,53,1,0
2026-02-09,1,2,"Regular Weekday",6,23.9,49,1,0
2026-02-09,1,3,"Regular Weekday",6,22.4,60,1,0
2026-02-09,1,4,"Regular Weekday",6,21.1,49,1,0
2026-02-09,1,5,"Regular Weekday",7,19,56,1,0
2026-02-09,1,6,"Regular Weekday",12,19.7,68,0,0
2026-02-09,1,7,"Regular Weekday",17,18.4,65,0,0
2026-02-09,1,8,"Regular Weekday",22,19.8,62,0,0
2026-02-09,1,9,"Regular Weekday",24,15.3,67,0,0
2026-02-09,1,10,"Regular Weekday",28,17.7,73,0,0
2026-02-09,1,11,"Regular Weekday",30,15.5,68,0,0
2026-02-09,1,12,"Regular Weekday",30,14.3,81,0,0
2026-02-09,1,13,"Regular Weekday",33,13.5,79,0,0
2026-02-09,1,14,"Regular Weekday",34,7.6,76,0,0
2026-02-09,1,15,"Regular Weekday",35,12.9,74,0,0
2026-02-09,1,16,"Regular Weekday",30,15.6,82,0,0
2026-02-09,1,17,"Regular Weekday",25,13.6,72,0,0
2026-02-09,1,18,"Regular Weekday",36,16.2,73,1,0
2026-02-09,1,19,"Regular Weekday",45,16.4,66,1,0
2026-02-09,1,20,"Regular Weekday",41,14.7,66,1,0
2026-02-09,1,21,"Regular Weekday",32,18,67,1,0
2026-02-09,1,22,"Regular Weekday",19,18.8,66,1,0
2026-02-09,1,23,"Regular Weekday",12,19.7,54,1,0
2026-02-10,2,0,"Regular Weekday",8,19.6,53,1,0
2026-02-10,2,1,"Regular Weekday",7,20.4,50,1,0
2026-02-10,2,2,"Regular Weekday",6,23.4,51,1,0
2026-02-10,2,3,"Regular Weekday",6,20.2,48,1,0
2026-02-10,2,4,"Regular Weekday",6,21.9,53,1,0
2026-02-10,2,5,"Regular Weekday",7,19.6,46,1,0
2026-02-10,2,6,"Regular Weekday",13,18.1,63,0,0
2026-02-10,2,7,"Regular Weekday",16,17.7,54,0,0
2026-02-10,2,8,"Regular Weekday",22,18.6,56,0,0
2026-02-10,2,9,"Regular Weekday",25,19.8,67,0,0
2026-02-10,2,10,"Regular Weekday",28,15.2,70,0,0
2026-02-10,2,11,"Regular Weekday",27,13.5,73,0,0
2026-02-10,2,12,"Regular Weekday",31,15.1,82,0,0
2026-02-10,2,13,"Regular Weekday",33,12.5,89,0,0
2026-02-10,2,14,"Regular Weekday",36,13.8,83,0,0
2026-02-10,2,15,"Regular Weekday",34,15.5,75,0,0
2026-02-10,2,16,"Regular Weekday",30,14.4,78,0,0
2026-02-10,2,17,"Regular Weekday",26,14.3,74,0,0
2026-02-10,2,18,"Regular Weekday",38,15.9,68,1,0
2026-02-10,2,19,"Regular Weekday",44,16.2,66,1,0
2026-02-10,2,20,"Regular Weekday",41,17.6,75,1,0
2026-02-10,2,21,"Regular Weekday",34,16.4,56,1,0
2026-02-10,2,22,"Regular Weekday",19,17.4,56,1,0
2026-02-10,2,23,"Regular Weekday",12,22.1,55,1,0
2026-02-11,3,0,"Regular Weekday",9,19.6,62,1,0
2026-02-11,3,1,"Regular Weekday",8,18.6,53,1,0
2026-02-11,3,2,"Regular Weekday",6,21.7,56,1,0
2026-02-11,3,3,"Regular Weekday",6,21.2,56,1,0
2026-02-11,3,4,"Regular Weekday",6,20.9,55,1,0
2026-02-11,3,5,"Regular Weekday",7,15.2,61,1,0
2026-02-11,3,6,"Regular Weekday",13,18,62,0,0
2026-02-11,3,7,"Regular Weekday",16,19.5,60,0,0
2026-02-11,3,8,"Regular Weekday",22,18.2,64,0,0
2026-02-11,3,9,"Regular Weekday",24,17.8,69,0,0
2026-02-11,3,10,"Regular Weekday",29,16.3,60,0,0
2026-02-11,3,11,"Regular Weekday",29,14.9,66,0,0
2026-02-11,3,12,"Regular Weekday",30,15.2,78,0,0
2026-02-11,3,13,"Regular Weekday",34,11.9,75,0,0
2026-02-11,3,14,"Regular Weekday",38,13.7,84,0,0
2026-02-11,3,15,"Regular Weekday",32,14.4,84,0,0
2026-02-11,3,16,"Regular Weekday",30,13.5,63,0,0
2026-02-11,3,17,"Regular Weekday",26,14.1,70,0,0
2026-02-11,3,18,"Regular Weekday",39,13.2,70,1,0
2026-02-11,3,19,"Regular Weekday",47,17.4,71,1,0
2026-02-11,3,20,"Regular Weekday",39,15.7,56,1,0
2026-02-11,3,21,"Regular Weekday",31,19.5,60,1,0
2026-02-11,3,22,"Regular Weekday",19,20.6,54,1,0
2026-02-11,3,23,"Regular Weekday",12,22.8,60,1,0
2026-02-12,4,0,"Regular Weekday",8,23.8,50,1,0
2026-02-12,4,1,"Regular Weekday",7,21.4,54,1,0
2026-02-12,4,2,"Regular Weekday",6,23.2,51,1,0
2026-02-12,4,3,"Regular Weekday",6,21.6,61,1,0
2026-02-12,4,4,"Regular Weekday",6,21.4,61,1,0
2026-02-12,4,5,"Regular Weekday",7,18.6,54,1,0
2026-02-12,4,6,"Regular Weekday",13,19.6,48,0,0
2026-02-12,4,7,"Regular Weekday",16,20.2,60,0,0
2026-02-12,4,8,"Regular Weekday",22,19.2,73,0,0
2026-02-12,4,9,"Regular Weekday",26,16.3,63,0,0
2026-02-12,4,10,"Regular Weekday",26,15.2,71,0,0
2026-02-12,4,11,"Regular Weekday",29,15.5,75,0,0
2026-02-12,4,12,"Regular Weekday",33,14.1,75,0,0
2026-02-12,4,13,"Regular Weekday",35,13.9,72,0,0
2026-02-12,4,14,"Regular Weekday",35,16.2,74,0,0
2026-02-12,4,15,"Regular Weekday",36,15.6,78,0,0
2026-02-12,4,16,"Regular Weekday",31,15.1,65,0,0
2026-02-12,4,17,"Regular Weekday",25,13.9,67,0,0
2026-02-12,4,18,"Regular Weekday",40,19,67,1,0
2026-02-12,4,19,"Regular Weekday",47,17.2,68,1,0
2026-02-12,4,20,"Regular Weekday",43,16.8,63,1,0
2026-02-12,4,21,"Regular Weekday",34,16.1,66,1,0
2026-02-12,4,22,"Regular Weekday",20,20.5,51,1,0
2026-02-12,4,23,"Regular Weekday",11,19.3,51,1,0
2026-02-13,5,0,"Event Day",15,20,55,1,1
2026-02-13,5,1,"Event Day",12,24.4,58,1,1
2026-02-13,5,2,"Event Day",10,20,49,1,1
2026-02-13,5,3,"Event Day",9,24.1,56,1,1
2026-02-13,5,4,"Event Day",9,20.8,64,1,0
2026-02-13,5,5,"Event Day",9,22.1,54,1,0
2026-02-13,5,6,"Event Day",16,18.7,57,0,0
2026-02-13,5,7,"Event Day",18,18.2,57,0,0
2026-02-13,5,8,"Event Day",25,17.7,67,0,0
2026-02-13,5,9,"Event Day",31,16.8,73,0,0
2026-02-13,5,10,"Event Day",34,16.7,68,0,0
2026-02-13,5,11,"Event Day",41,15.6,77,0,0
2026-02-13,5,12,"Event Day",39,15.8,74,0,0
2026-02-13,5,13,"Event Day",52,13.8,78,0,0
2026-02-13,5,14,"Event Day",46,14.4,84,0,0
2026-02-13,5,15,"Event Day",59,13.1,74,0,0
2026-02-13,5,16,"Event Day",76,16.2,75,0,0
2026-02-13,5,17,"Event Day",85,15.9,71,0,0
2026-02-13,5,18,"Event Day",98,15.7,79,1,0
2026-02-13,5,19,"Event Day",128,18,73,1,0
2026-02-13,5,20,"Event Day",152,16.6,68,1,0
2026-02-13,5,21,"Event Day",165,21,67,1,0
2026-02-13,5,22,"Event Day",142,17.2,62,1,1
2026-02-13,5,23,"Event Day",98,18.6,51,1,1
2026-02-14,6,0,"Event Day",15,20.5,57,1,1
2026-02-14,6,1,"Event Day",12,22.8,48,1,1
2026-02-14,6,2,"Event Day",9,23.6,58,1,1
2026-02-14,6,3,"Event Day",9,19.6,58,1,1
2026-02-14,6,4,"Event Day",10,24.1,56,1,0
2026-02-14,6,5,"Event Day",11,20.6,54,1,0
2026-02-14,6,6,"Event Day",16,19.9,59,0,0
2026-02-14,6,7,"Event Day",20,19.9,65,0,0
2026-02-14,6,8,"Event Day",23,18.7,59,0,0
2026-02-14,6,9,"Event Day",26,15.7,71,0,0
2026-02-14,6,10,"Event Day",35,15,77,0,0
2026-02-14,6,11,"Event Day",36,13.3,67,0,0
2026-02-14,6,12,"Event Day",38,14,71,0,0
2026-02-14,6,13,"Event Day",49,13.3,85,0,0
2026-02-14,6,14,"Event Day",51,14.1,82,0,0
2026-02-14,6,15,"Event Day",56,15.2,82,0,0
2026-02-14,6,16,"Event Day",65,12.7,80,0,0
2026-02-14,6,17,"Event Day",81,14.1,68,0,0
2026-02-14,6,18,"Event Day",95,15.7,76,1,0
2026-02-14,6,19,"Event Day",133,17.4,72,1,0
2026-02-14,6,20,"Event Day",154,19.3,63,1,0
2026-02-14,6,21,"Event Day",142,22.7,64,1,0
2026-02-14,6,22,"Event Day",136,19,63,1,1
2026-02-14,6,23,"Event Day",88,21.1,48,1,1
2026-02-15,0,0,Weekend,10,20.6,58,1,0
2026-02-15,0,1,Weekend,8,21,54,1,0
2026-02-15,0,2,Weekend,8,22.1,47,1,0
2026-02-15,0,3,Weekend,7,24.1,51,1,0
2026-02-15,0,4,Weekend,7,20.2,53,1,0
2026-02-15,0,5,Weekend,8,22.4,56,1,0
2026-02-15,0,6,Weekend,11,21.8,62,0,0
2026-02-15,0,7,Weekend,14,21.1,65,0,0
2026-02-15,0,8,Weekend,20,16.9,61,0,0
2026-02-15,0,9,Weekend,29,16.1,70,0,0
2026-02-15,0,10,Weekend,35,17.7,67,0,0
2026-02-15,0,11,Weekend,39,16.4,79,0,0
2026-02-15,0,12,Weekend,44,16.4,70,0,0
2026-02-15,0,13,Weekend,49,13.1,76,0,0
2026-02-15,0,14,Weekend,49,13.9,81,0,0
2026-02-15,0,15,Weekend,49,12.1,77,0,0
2026-02-15,0,16,Weekend,43,14.7,73,0,0
2026-02-15,0,17,Weekend,34,14.8,72,0,0
2026-02-15,0,18,Weekend,51,14.8,79,1,0
2026-02-15,0,19,Weekend,63,17.4,61,1,0
2026-02-15,0,20,Weekend,48,18.6,68,1,0
2026-02-15,0,21,Weekend,42,18.4,53,1,0
2026-02-15,0,22,Weekend,26,18.8,58,1,0
2026-02-15,0,23,Weekend,15,23,49,1,0
2026-02-16,1,0,"Regular Weekday",8,22.8,59,1,0
2026-02-16,1,1,"Regular Weekday",7,21.9,48,1,0
2026-02-16,1,2,"Regular Weekday",6,19.9,59,1,0
2026-02-16,1,3,"Regular Weekday",6,23.8,52,1,0
2026-02-16,1,4,"Regular Weekday",6,21.5,51,1,0
2026-02-16,1,5,"Regular Weekday",7,22.2,53,1,0
2026-02-16,1,6,"Regular Weekday",12,20,61,0,0
2026-02-16,1,7,"Regular Weekday",17,20.3,54,0,0
2026-02-16,1,8,"Regular Weekday",23,16.2,59,0,0
2026-02-16,1,9,"Regular Weekday",25,19.4,74,0,0
2026-02-16,1,10,"Regular Weekday",28,15.8,67,0,0
2026-02-16,1,11,"Regular Weekday",28,13.7,72,0,0
2026-02-16,1,12,"Regular Weekday",31,14.4,82,0,0
2026-02-16,1,13,"Regular Weekday",31,15,78,0,0
2026-02-16,1,14,"Regular Weekday",34,13.3,77,0,0
2026-02-16,1,15,"Regular Weekday",34,14.4,79,0,0
2026-02-16,1,16,"Regular Weekday",28,13.5,74,0,0
2026-02-16,1,17,"Regular Weekday",26,17.3,69,0,0
2026-02-16,1,18,"Regular Weekday",39,14.6,64,1,0
2026-02-16,1,19,"Regular Weekday",44,17.5,72,1,0
2026-02-16,1,20,"Regular Weekday",37,18.8,68,1,0
2026-02-16,1,21,"Regular Weekday",30,16.4,60,1,0
2026-02-16,1,22,"Regular Weekday",20,20.9,57,1,0
2026-02-16,1,23,"Regular Weekday",12,20.2,60,1,0
2026-02-17,2,0,"Regular Weekday",8,21.3,57,1,0
2026-02-17,2,1,"Regular Weekday",7,23.3,40,1,0
2026-02-17,2,2,"Regular Weekday",6,22.8,49,1,0
2026-02-17,2,3,"Regular Weekday",7,24.1,54,1,0
2026-02-17,2,4,"Regular Weekday",6,23.7,65,1,0
2026-02-17,2,5,"Regular Weekday",7,19.4,58,1,0
2026-02-17,2,6,"Regular Weekday",12,16.9,62,0,0
2026-02-17,2,7,"Regular Weekday",15,21.6,61,0,0
2026-02-17,2,8,"Regular Weekday",20,18.1,67,0,0
2026-02-17,2,9,"Regular Weekday",24,20.7,71,0,0
2026-02-17,2,10,"Regular Weekday",28,14.8,72,0,0
2026-02-17,2,11,"Regular Weekday",29,17.3,73,0,0
2026-02-17,2,12,"Regular Weekday",31,14.3,64,0,0
2026-02-17,2,13,"Regular Weekday",36,17.7,77,0,0
2026-02-17,2,14,"Regular Weekday",35,16.5,87,0,0
2026-02-17,2,15,"Regular Weekday",32,13,70,0,0
2026-02-17,2,16,"Regular Weekday",30,12.4,69,0,0
2026-02-17,2,17,"Regular Weekday",27,16.8,81,0,0
2026-02-17,2,18,"Regular Weekday",34,17.6,65,1,0
2026-02-17,2,19,"Regular Weekday",45,15.3,68,1,0
2026-02-17,2,20,"Regular Weekday",38,17.2,68,1,0
2026-02-17,2,21,"Regular Weekday",32,22.1,69,1,0
2026-02-17,2,22,"Regular Weekday",21,22.1,69,1,0
2026-02-17,2,23,"Regular Weekday",12,19.6,60,1,0
2026-02-18,3,0,"Regular Weekday",8,22.8,45,1,0
2026-02-18,3,1,"Regular Weekday",7,19.2,53,1,0
2026-02-18,3,2,"Regular Weekday",6,22.5,56,1,0
2026-02-18,3,3,"Regular Weekday",6,23.1,55,1,0
2026-02-18,3,4,"Regular Weekday",6,23.1,49,1,0
2026-02-18,3,5,"Regular Weekday",7,22.3,56,1,0
2026-02-18,3,6,"Regular Weekday",12,18.8,68,0,0
2026-02-18,3,7,"Regular Weekday",16,19.7,67,0,0
2026-02-18,3,8,"Regular Weekday",22,17.1,63,0,0
2026-02-18,3,9,"Regular Weekday",24,17,74,0,0
2026-02-18,3,10,"Regular Weekday",26,16.6,69,0,0
2026-02-18,3,11,"Regular Weekday",29,14,68,0,0
2026-02-18,3,12,"Regular Weekday",30,17.9,74,0,0
2026-02-18,3,13,"Regular Weekday",33,16,77,0,0
2026-02-18,3,14,"Regular Weekday",37,17.6,81,0,0
2026-02-18,3,15,"Regular Weekday",35,12,76,0,0
2026-02-18,3,16,"Regular Weekday",30,14.9,79,0,0
2026-02-18,3,17,"Regular Weekday",26,14,71,0,0
2026-02-18,3,18,"Regular Weekday",36,16.4,69,1,0
2026-02-18,3,19,"Regular Weekday",43,19.5,68,1,0
2026-02-18,3,20,"Regular Weekday",42,18.9,65,1,0
2026-02-18,3,21,"Regular Weekday",29,19.8,56,1,0
2026-02-18,3,22,"Regular Weekday",21,20.3,55,1,0
2026-02-18,3,23,"Regular Weekday",12,19.3,49,1,0
2026-02-19,4,0,"Regular Weekday",8,17.9,60,1,0
2026-02-19,4,1,"Regular Weekday",7,21.5,46,1,0
2026-02-19,4,2,"Regular Weekday",6,22.6,50,1,0
2026-02-19,4,3,"Regular Weekday",6,23.7,49,1,0
2026-02-19,4,4,"Regular Weekday",6,24.8,48,1,0
2026-02-19,4,5,"Regular Weekday",7,20.1,60,1,0
2026-02-19,4,6,"Regular Weekday",13,20.8,62,0,0
2026-02-19,4,7,"Regular Weekday",16,18.5,60,0,0
2026-02-19,4,8,"Regular Weekday",23,17.3,55,0,0
2026-02-19,4,9,"Regular Weekday",25,18.6,76,0,0
2026-02-19,4,10,"Regular Weekday",27,17.1,64,0,0
2026-02-19,4,11,"Regular Weekday",31,17.7,71,0,0
2026-02-19,4,12,"Regular Weekday",30,16.6,81,0,0
2026-02-19,4,13,"Regular Weekday",34,14,72,0,0
2026-02-19,4,14,"Regular Weekday",33,15.3,76,0,0
2026-02-19,4,15,"Regular Weekday",35,13.3,67,0,0
2026-02-19,4,16,"Regular Weekday",29,15.7,78,0,0
2026-02-19,4,17,"Regular Weekday",26,16.7,69,0,0
2026-02-19,4,18,"Regular Weekday",38,16.3,72,1,0
2026-02-19,4,19,"Regular Weekday",41,15,67,1,0
2026-02-19,4,20,"Regular Weekday",42,18.6,59,1,0
2026-02-19,4,21,"Regular Weekday",34,21.7,65,1,0
2026-02-19,4,22,"Regular Weekday",21,21.6,61,1,0
2026-02-19,4,23,"Regular Weekday",12,20.7,63,1,0
2026-02-20,5,0,"Regular Weekday",8,24.9,59,1,0
2026-02-20,5,1,"Regular Weekday",7,23.6,52,1,0
2026-02-20,5,2,"Regular Weekday",6,22.1,60,1,0
2026-02-20,5,3,"Regular Weekday",6,23.9,53,1,0
2026-02-20,5,4,"Regular Weekday",6,23.5,55,1,0
2026-02-20,5,5,"Regular Weekday",7,20.6,56,1,0
2026-02-20,5,6,"Regular Weekday",12,21.2,63,0,0
2026-02-20,5,7,"Regular Weekday",17,20.7,64,0,0
2026-02-20,5,8,"Regular Weekday",22,20.1,67,0,0
2026-02-20,5,9,"Regular Weekday",25,17.3,74,0,0
2026-02-20,5,10,"Regular Weekday",27,16.2,68,0,0
2026-02-20,5,11,"Regular Weekday",30,17.2,72,0,0
2026-02-20,5,12,"Regular Weekday",31,16.4,68,0,0
2026-02-20,5,13,"Regular Weekday",37,15.2,82,0,0
2026-02-20,5,14,"Regular Weekday",36,15.7,73,0,0
2026-02-20,5,15,"Regular Weekday",36,13.6,80,0,0
2026-02-20,5,16,"Regular Weekday",30,17.5,69,0,0
2026-02-20,5,17,"Regular Weekday",27,15.2,77,0,0
2026-02-20,5,18,"Regular Weekday",40,16.6,64,1,0
2026-02-20,5,19,"Regular Weekday",46,19.3,70,1,0
2026-02-20,5,20,"Regular Weekday",42,16.8,69,1,0
2026-02-20,5,21,"Regular Weekday",33,19.5,65,1,0
2026-02-20,5,22,"Regular Weekday",20,20.9,59,1,0
2026-02-20,5,23,"Regular Weekday",11,19.9,53,1,0
2026-02-21,6,0,Weekend,10,22.4,51,1,0
2026-02-21,6,1,Weekend,9,20.9,52,1,0
2026-02-21,6,2,Weekend,8,24,53,1,0
2026-02-21,6,3,Weekend,7,23.4,60,1,0
2026-02-21,6,4,Weekend,7,22.4,53,1,0
2026-02-21,6,5,Weekend,8,21.1,57,1,0
2026-02-21,6,6,Weekend,11,19.2,62,0,0
2026-02-21,6,7,Weekend,14,19.8,61,0,0
2026-02-21,6,8,Weekend,22,20.7,61,0,0
2026-02-21,6,9,Weekend,26,17.1,65,0,0
2026-02-21,6,10,Weekend,34,16.1,64,0,0
2026-02-21,6,11,Weekend,39,14,72,0,0
2026-02-21,6,12,Weekend,44,15.9,77,0,0
2026-02-21,6,13,Weekend,46,14.9,77,0,0
2026-02-21,6,14,Weekend,48,15.6,85,0,0
2026-02-21,6,15,Weekend,50,13.1,66,0,0
2026-02-21,6,16,Weekend,41,14.2,86,0,0
2026-02-21,6,17,Weekend,36,16.7,69,0,0
2026-02-21,6,18,Weekend,50,16.1,77,1,0
2026-02-21,6,19,Weekend,59,17.8,68,1,0
2026-02-21,6,20,Weekend,54,20.4,61,1,0
2026-02-21,6,21,Weekend,45,21.5,66,1,0
2026-02-21,6,22,Weekend,27,20.6,50,1,0
2026-02-21,6,23,Weekend,15,20.2,54,1,0
2026-02-22,0,0,Weekend,10,22.5,53,1,0
2026-02-22,0,1,Weekend,8,25.4,60,1,0
2026-02-22,0,2,Weekend,8,24.4,52,1,0
2026-02-22,0,3,Weekend,7,20.7,54,1,0
2026-02-22,0,4,Weekend,7,22,49,1,0
2026-02-22,0,5,Weekend,8,21.3,58,1,0
2026-02-22,0,6,Weekend,12,20.6,64,0,0
2026-02-22,0,7,Weekend,14,19.8,53,0,0
2026-02-22,0,8,Weekend,22,18,69,0,0
2026-02-22,0,9,Weekend,25,17.8,72,0,0
2026-02-22,0,10,Weekend,36,15.9,75,0,0
2026-02-22,0,11,Weekend,42,15.9,73,0,0
2026-02-22,0,12,Weekend,45,15.7,76,0,0
2026-02-22,0,13,Weekend,51,16.2,74,0,0
2026-02-22,0,14,Weekend,51,15,81,0,0
2026-02-22,0,15,Weekend,52,14.9,83,0,0
2026-02-22,0,16,Weekend,43,16.8,79,0,0
2026-02-22,0,17,Weekend,33,13.1,76,0,0
2026-02-22,0,18,Weekend,53,18,76,1,0
2026-02-22,0,19,Weekend,64,17.6,59,1,0
2026-02-22,0,20,Weekend,57,19.2,56,1,0
2026-02-22,0,21,Weekend,42,16.4,52,1,0
2026-02-22,0,22,Weekend,28,25.5,66,1,0
2026-02-22,0,23,Weekend,16,21.6,57,1,0
2026-02-23,1,0,"Regular Weekday",8,21,50,1,0
2026-02-23,1,1,"Regular Weekday",7,20.9,46,1,0
2026-02-23,1,2,"Regular Weekday",6,22,50,1,0
2026-02-23,1,3,"Regular Weekday",6,21.4,51,1,0
2026-02-23,1,4,"Regular Weekday",6,21,52,1,0
2026-02-23,1,5,"Regular Weekday",7,22.4,50,1,0
2026-02-23,1,6,"Regular Weekday",13,20.2,67,0,0
2026-02-23,1,7,"Regular Weekday",18,21.3,68,0,0
2026-02-23,1,8,"Regular Weekday",21,20.9,66,0,0
2026-02-23,1,9,"Regular Weekday",25,19,72,0,0
2026-02-23,1,10,"Regular Weekday",29,18.1,61,0,0
2026-02-23,1,11,"Regular Weekday",28,16.7,65,0,0
2026-02-23,1,12,"Regular Weekday",29,14.7,72,0,0
2026-02-23,1,13,"Regular Weekday",33,15.4,76,0,0
2026-02-23,1,14,"Regular Weekday",38,13.5,78,0,0
2026-02-23,1,15,"Regular Weekday",36,14.6,73,0,0
2026-02-23,1,16,"Regular Weekday",32,12.3,78,0,0
2026-02-23,1,17,"Regular Weekday",24,18.8,71,0,0
2026-02-23,1,18,"Regular Weekday",38,16.8,70,1,0
2026-02-23,1,19,"Regular Weekday",39,17.6,66,1,0
2026-02-23,1,20,"Regular Weekday",41,19.1,70,1,0
2026-02-23,1,21,"Regular Weekday",31,21.2,57,1,0
2026-02-23,1,22,"Regular Weekday",20,20.9,63,1,0
2026-02-23,1,23,"Regular Weekday",12,20.2,63,1,0
2026-02-24,2,0,"Regular Weekday",8,22.6,53,1,0
2026-02-24,2,1,"Regular Weekday",7,23,48,1,0
2026-02-24,2,2,"Regular Weekday",6,24.3,52,1,0
2026-02-24,2,3,"Regular Weekday",6,23.7,58,1,0
2026-02-24,2,4,"Regular Weekday",5,23.5,67,1,0
2026-02-24,2,5,"Regular Weekday",7,22.1,55,1,0
2026-02-24,2,6,"Regular Weekday",12,21.1,62,0,0
2026-02-24,2,7,"Regular Weekday",16,18.7,63,0,0
2026-02-24,2,8,"Regular Weekday",21,19.5,69,0,0
2026-02-24,2,9,"Regular Weekday",24,18.9,72,0,0
2026-02-24,2,10,"Regular Weekday",28,19.6,68,0,0
2026-02-24,2,11,"Regular Weekday",31,16.6,73,0,0
2026-02-24,2,12,"Regular Weekday",32,16.2,79,0,0
2026-02-24,2,13,"Regular Weekday",34,14.4,73,0,0
2026-02-24,2,14,"Regular Weekday",37,15.6,68,0,0
2026-02-24,2,15,"Regular Weekday",34,15.6,77,0,0
2026-02-24,2,16,"Regular Weekday",30,15.8,67,0,0
2026-02-24,2,17,"Regular Weekday",26,17.4,72,0,0
2026-02-24,2,18,"Regular Weekday",39,17.6,77,1,0
2026-02-24,2,19,"Regular Weekday",48,17.4,73,1,0
2026-02-24,2,20,"Regular Weekday",42,17.8,57,1,0
2026-02-24,2,21,"Regular Weekday",33,21.1,61,1,0
2026-02-24,2,22,"Regular Weekday",21,21.5,57,1,0
2026-02-24,2,23,"Regular Weekday",12,22.7,60,1,0
2026-02-25,3,0,"Event Day",12,23.7,46,1,1
2026-02-25,3,1,"Event Day",11,23.7,56,1,1
2026-02-25,3,2,"Event Day",10,22.7,54,1,1
2026-02-25,3,3,"Event Day",9,23.5,53,1,1
2026-02-25,3,4,"Event Day",10,23.9,55,1,0
2026-02-25,3,5,"Event Day",10,23.3,53,1,0
2026-02-25,3,6,"Event Day",17,22.2,66,0,0
2026-02-25,3,7,"Event Day",20,23.6,56,0,0
2026-02-25,3,8,"Event Day",24,23.6,61,0,0
2026-02-25,3,9,"Event Day",26,18.3,77,0,0
2026-02-25,3,10,"Event Day",35,16.6,66,0,0
2026-02-25,3,11,"Event Day",38,17.6,69,0,0
2026-02-25,3,12,"Event Day",41,15.7,79,0,0
2026-02-25,3,13,"Event Day",49,15.6,77,0,0
2026-02-25,3,14,"Event Day",52,14.4,79,0,0
2026-02-25,3,15,"Event Day",55,15.8,74,0,0
2026-02-25,3,16,"Event Day",70,16.5,79,0,0
2026-02-25,3,17,"Event Day",82,15.6,80,0,0
2026-02-25,3,18,"Event Day",107,17.8,72,1,0
2026-02-25,3,19,"Event Day",131,16.8,63,1,0
2026-02-25,3,20,"Event Day",139,20.2,65,1,0
2026-02-25,3,21,"Event Day",137,22,59,1,0
2026-02-25,3,22,"Event Day",131,21.7,61,1,1
2026-02-25,3,23,"Event Day",86,21.3,66,1,1
2026-02-26,4,0,"Regular Weekday",8,22.6,63,1,0
2026-02-26,4,1,"Regular Weekday",7,22.6,59,1,0
2026-02-26,4,2,"Regular Weekday",6,22.7,46,1,0
2026-02-26,4,3,"Regular Weekday",6,24.8,51,1,0
2026-02-26,4,4,"Regular Weekday",6,23.6,45,1,0
2026-02-26,4,5,"Regular Weekday",7,22.3,51,1,0
2026-02-26,4,6,"Regular Weekday",12,20.8,61,0,0
2026-02-26,4,7,"Regular Weekday",16,19.7,58,0,0
2026-02-26,4,8,"Regular Weekday",20,16.6,66,0,0
2026-02-26,4,9,"Regular Weekday",25,19.1,72,0,0
2026-02-26,4,10,"Regular Weekday",28,18.8,69,0,0
2026-02-26,4,11,"Regular Weekday",32,16.5,81,0,0
2026-02-26,4,12,"Regular Weekday",31,16.4,75,0,0
2026-02-26,4,13,"Regular Weekday",34,16.4,78,0,0
2026-02-26,4,14,"Regular Weekday",36,15.9,77,0,0
2026-02-26,4,15,"Regular Weekday",33,14.5,72,0,0
2026-02-26,4,16,"Regular Weekday",30,14.7,74,0,0
2026-02-26,4,17,"Regular Weekday",26,17.4,77,0,0
2026-02-26,4,18,"Regular Weekday",36,16,76,1,0
2026-02-26,4,19,"Regular Weekday",48,19.4,70,1,0
2026-02-26,4,20,"Regular Weekday",40,21.1,68,1,0
2026-02-26,4,21,"Regular Weekday",32,18.1,68,1,0
2026-02-26,4,22,"Regular Weekday",21,23.4,59,1,0
2026-02-26,4,23,"Regular Weekday",12,20.2,58,1,0
2026-02-27,5,0,"Event Day",14,25.1,55,1,1
2026-02-27,5,1,"Event Day",12,20.8,50,1,1
2026-02-27,5,2,"Event Day",10,25.1,55,1,1
2026-02-27,5,3,"Event Day",9,24.6,56,1,1
2026-02-27,5,4,"Event Day",9,23.7,52,1,0
2026-02-27,5,5,"Event Day",11,23,52,1,0
2026-02-27,5,6,"Event Day",17,24.9,58,0,0
2026-02-27,5,7,"Event Day",18,22.8,63,0,0
2026-02-27,5,8,"Event Day",24,18.4,66,0,0
2026-02-27,5,9,"Event Day",31,17.3,70,0,0
2026-02-27,5,10,"Event Day",33,18.1,74,0,0
2026-02-27,5,11,"Event Day",34,13,70,0,0
2026-02-27,5,12,"Event Day",42,15.3,71,0,0
2026-02-27,5,13,"Event Day",46,15.4,77,0,0
2026-02-27,5,14,"Event Day",56,15.6,72,0,0
2026-02-27,5,15,"Event Day",61,15.5,74,0,0
2026-02-27,5,16,"Event Day",69,20.1,80,0,0
2026-02-27,5,17,"Event Day",74,16.5,73,0,0
2026-02-27,5,18,"Event Day",106,17.8,65,1,0
2026-02-27,5,19,"Event Day",115,17.4,71,1,0
2026-02-27,5,20,"Event Day",151,20.6,67,1,0
2026-02-27,5,21,"Event Day",136,20.8,57,1,0
2026-02-27,5,22,"Event Day",123,22.7,61,1,1
2026-02-27,5,23,"Event Day",102,22.8,58,1,1
2026-02-28,6,0,"Event Day",14,23,52,1,1
2026-02-28,6,1,"Event Day",13,24.4,63,1,1
2026-02-28,6,2,"Event Day",9,23.4,48,1,1
2026-02-28,6,3,"Event Day",10,25.2,53,1,1
2026-02-28,6,4,"Event Day",10,25.9,51,1,0
2026-02-28,6,5,"Event Day",11,22.3,63,1,0
2026-02-28,6,6,"Event Day",14,23.3,63,0,0
2026-02-28,6,7,"Event Day",20,21.4,60,0,0
2026-02-28,6,8,"Event Day",25,17.7,71,0,0
2026-02-28,6,9,"Event Day",30,19.6,67,0,0
2026-02-28,6,10,"Event Day",35,15.9,66,0,0
2026-02-28,6,11,"Event Day",35,17.7,83,0,0
2026-02-28,6,12,"Event Day",41,14.5,67,0,0
2026-02-28,6,13,"Event Day",48,14.4,78,0,0
2026-02-28,6,14,"Event Day",50,16.3,75,0,0
2026-02-28,6,15,"Event Day",53,15,72,0,0
2026-02-28,6,16,"Event Day",69,16.8,80,0,0
2026-02-28,6,17,"Event Day",91,14.6,66,0,0
2026-02-28,6,18,"Event Day",101,21.8,75,1,0
2026-02-28,6,19,"Event Day",133,20.2,71,1,0
2026-02-28,6,20,"Event Day",145,18.7,61,1,0
2026-02-28,6,21,"Event Day",142,22.1,66,1,0
2026-02-28,6,22,"Event Day",139,23.6,60,1,1
2026-02-28,6,23,"Event Day",87,20.7,57,1,1